crate,slot,channel,sector,cable,pin,modid,type,volt
1,0,0,1,1,24,93,bias-d,332
1,0,1,1,1,12,3,bias-b,340
1,0,2,1,1,23,93,bias-c,335
1,0,3,1,1,11,3,bias-a,344
1,0,4,1,1,22,93,bias-b,335
1,0,5,1,1,10,45,guard,175
1,0,6,1,1,21,93,bias-a,333
1,0,7,1,1,9,45,bias-d,325
1,0,8,1,1,20,92,guard,175
1,0,9,1,1,8,45,bias-c,315
1,0,10,1,1,19,92,bias-d,326
1,0,11,1,1,7,45,bias-b,333
1,0,12,1,1,18,92,bias-c,332
1,0,13,1,1,6,45,bias-a,324
1,0,14,1,1,17,92,bias-b,331
1,0,15,1,1,5,91,guard,175
1,0,16,1,1,16,92,bias-a,334
1,0,17,1,1,4,91,bias-d,330
1,0,18,1,1,15,3,guard,175
1,0,19,1,1,3,91,bias-c,336
1,0,20,1,1,14,3,bias-d,347
1,0,21,1,1,2,91,bias-b,334
1,0,22,1,1,13,3,bias-c,341
1,0,23,1,1,1,91,bias-a,330
1,0,24,1,1,45,43,guard,175
1,0,25,1,1,34,2,bias-d,351
1,0,26,1,1,44,43,bias-d,352
1,0,27,1,1,33,2,bias-c,351
1,0,28,1,1,43,43,bias-c,351
1,0,29,1,1,32,2,bias-b,350
1,0,30,1,1,42,43,bias-b,352
1,0,31,1,1,31,2,bias-a,352
1,0,32,1,1,41,43,bias-a,347
1,0,33,1,1,30,44,guard,175
1,0,34,1,1,40,1,guard,175
1,0,35,1,1,29,44,bias-d,332
1,0,36,1,1,39,1,bias-d,324
1,0,37,1,1,28,44,bias-c,330
1,0,38,1,1,38,1,bias-c,324
1,0,39,1,1,27,44,bias-b,332
1,0,40,1,1,37,1,bias-b,324
1,0,41,1,1,26,44,bias-a,331
1,0,42,1,1,36,1,bias-a,329
1,0,43,1,1,25,93,guard,175
1,0,44,1,1,35,2,guard,175
1,0,45,1,1,46,-1,spare,0
1,0,46,-1,-1,-1,-1,none,0
1,0,47,-1,-1,-1,-1,none,0
1,1,0,1,3,24,50,bias-d,333
1,1,1,1,3,12,7,bias-b,321
1,1,2,1,3,23,50,bias-c,329
1,1,3,1,3,11,7,bias-a,320
1,1,4,1,3,22,50,bias-b,334
1,1,5,1,3,10,6,guard,175
1,1,6,1,3,21,50,bias-a,328
1,1,7,1,3,9,6,bias-d,318
1,1,8,1,3,20,49,guard,175
1,1,9,1,3,8,6,bias-c,318
1,1,10,1,3,19,49,bias-d,326
1,1,11,1,3,7,6,bias-b,318
1,1,12,1,3,18,49,bias-c,327
1,1,13,1,3,6,6,bias-a,318
1,1,14,1,3,17,49,bias-b,310
1,1,15,1,3,5,5,guard,175
1,1,16,1,3,16,49,bias-a,316
1,1,17,1,3,4,5,bias-d,327
1,1,18,1,3,15,7,guard,175
1,1,19,1,3,3,5,bias-c,330
1,1,20,1,3,14,7,bias-d,322
1,1,21,1,3,2,5,bias-b,327
1,1,22,1,3,13,7,bias-c,322
1,1,23,1,3,1,5,bias-a,332
1,1,24,1,3,45,48,guard,175
1,1,25,1,3,35,98,guard,175
1,1,26,1,3,44,48,bias-d,314
1,1,27,1,3,34,98,bias-d,335
1,1,28,1,3,43,48,bias-c,321
1,1,29,1,3,33,98,bias-c,318
1,1,30,1,3,42,48,bias-b,314
1,1,31,1,3,32,98,bias-b,323
1,1,32,1,3,41,48,bias-a,322
1,1,33,1,3,31,98,bias-a,320
1,1,34,1,3,40,99,guard,175
1,1,35,1,3,30,97,guard,175
1,1,36,1,3,39,99,bias-d,348
1,1,37,1,3,29,97,bias-d,322
1,1,38,1,3,38,99,bias-c,354
1,1,39,1,3,28,97,bias-c,324
1,1,40,1,3,37,99,bias-b,352
1,1,41,1,3,27,97,bias-b,327
1,1,42,1,3,46,-1,spare,0
1,1,43,-1,-1,-1,-1,none,0
1,1,44,-1,-1,-1,-1,none,0
1,1,45,1,3,26,97,bias-a,324
1,1,46,1,3,36,99,bias-a,357
1,1,47,1,3,25,50,guard,175
1,2,0,1,4,24,206,bias-d,327
1,2,1,1,4,12,271,bias-b,349
1,2,2,1,4,23,206,bias-c,327
1,2,3,1,4,11,271,bias-a,345
1,2,4,1,4,22,206,bias-b,331
1,2,5,1,4,10,205,guard,175
1,2,6,1,4,21,206,bias-a,333
1,2,7,1,4,9,205,bias-d,333
1,2,8,1,4,20,343,guard,175
1,2,9,1,4,8,205,bias-c,326
1,2,10,1,4,19,343,bias-d,326
1,2,11,1,4,7,205,bias-b,328
1,2,12,1,4,18,343,bias-c,325
1,2,13,1,4,6,205,bias-a,331
1,2,14,1,4,17,343,bias-b,327
1,2,15,1,4,5,344,guard,175
1,2,16,1,4,16,343,bias-a,329
1,2,17,1,4,4,344,bias-d,332
1,2,18,1,4,15,271,guard,175
1,2,19,1,4,3,344,bias-c,333
1,2,20,1,4,14,271,bias-d,348
1,2,21,1,4,2,344,bias-b,331
1,2,22,1,4,13,271,bias-c,340
1,2,23,1,4,1,344,bias-a,333
1,2,24,1,4,45,207,guard,175
1,2,25,1,4,34,272,bias-d,319
1,2,26,1,4,44,207,bias-d,332
1,2,27,1,4,33,272,bias-c,322
1,2,28,1,4,43,207,bias-c,335
1,2,29,1,4,32,272,bias-b,320
1,2,30,1,4,42,207,bias-b,337
1,2,31,1,4,31,272,bias-a,319
1,2,32,1,4,41,207,bias-a,334
1,2,33,1,4,30,146,guard,175
1,2,34,1,4,40,145,guard,175
1,2,35,1,4,29,146,bias-d,330
1,2,36,1,4,39,145,bias-d,319
1,2,37,1,4,28,146,bias-c,335
1,2,38,1,4,38,145,bias-c,313
1,2,39,1,4,46,-1,spare,0
1,2,40,-1,-1,-1,-1,none,0
1,2,41,-1,-1,-1,-1,none,0
1,2,42,1,4,37,145,bias-b,319
1,2,43,1,4,27,146,bias-b,331
1,2,44,1,4,36,145,bias-a,318
1,2,45,1,4,26,146,bias-a,331
1,2,46,1,4,35,272,guard,175
1,2,47,1,4,25,206,guard,175
1,3,0,1,5,24,346,bias-d,341
1,3,1,1,5,12,347,bias-b,353
1,3,2,1,5,23,346,bias-c,342
1,3,3,1,5,11,347,bias-a,352
1,3,4,1,5,22,346,bias-b,340
1,3,5,1,5,10,273,guard,175
1,3,6,1,5,21,346,bias-a,346
1,3,7,1,5,9,273,bias-d,338
1,3,8,1,5,20,274,guard,175
1,3,9,1,5,8,273,bias-c,352
1,3,10,1,5,19,274,bias-d,317
1,3,11,1,5,7,273,bias-b,352
1,3,12,1,5,18,274,bias-c,328
1,3,13,1,5,6,273,bias-a,347
1,3,14,1,5,17,274,bias-b,337
1,3,15,1,5,5,345,guard,175
1,3,16,1,5,16,274,bias-a,329
1,3,17,1,5,4,345,bias-d,330
1,3,18,1,5,15,347,guard,175
1,3,19,1,5,3,345,bias-c,331
1,3,20,1,5,14,347,bias-d,347
1,3,21,1,5,2,345,bias-b,328
1,3,22,1,5,13,347,bias-c,345
1,3,23,1,5,1,345,bias-a,331
1,3,24,1,5,45,148,guard,175
1,3,25,1,5,35,147,guard,175
1,3,26,1,5,44,148,bias-d,333
1,3,27,1,5,34,147,bias-d,330
1,3,28,1,5,43,148,bias-c,330
1,3,29,1,5,33,147,bias-c,329
1,3,30,1,5,42,148,bias-b,332
1,3,31,1,5,32,147,bias-b,335
1,3,32,1,5,41,148,bias-a,330
1,3,33,1,5,31,147,bias-a,338
1,3,34,1,5,40,209,guard,175
1,3,35,1,5,30,208,guard,175
1,3,36,1,5,46,-1,spare,0
1,3,37,-1,-1,-1,-1,none,0
1,3,38,-1,-1,-1,-1,none,0
1,3,39,1,5,29,208,bias-d,330
1,3,40,1,5,39,209,bias-d,333
1,3,41,1,5,28,208,bias-c,312
1,3,42,1,5,38,209,bias-c,338
1,3,43,1,5,27,208,bias-b,322
1,3,44,1,5,37,209,bias-b,332
1,3,45,1,5,26,208,bias-a,323
1,3,46,1,5,36,209,bias-a,330
1,3,47,1,5,25,346,guard,175
1,4,0,1,7,24,279,bias-d,330
1,4,1,1,7,12,211,bias-b,329
1,4,2,1,7,23,279,bias-c,330
1,4,3,1,7,11,211,bias-a,329
1,4,4,1,7,22,279,bias-b,332
1,4,5,1,7,10,351,guard,175
1,4,6,1,7,21,279,bias-a,328
1,4,7,1,7,9,351,bias-d,330
1,4,8,1,7,20,151,guard,175
1,4,9,1,7,8,351,bias-c,336
1,4,10,1,7,19,151,bias-d,333
1,4,11,1,7,7,351,bias-b,329
1,4,12,1,7,18,151,bias-c,329
1,4,13,1,7,6,351,bias-a,336
1,4,14,1,7,17,151,bias-b,334
1,4,15,1,7,5,352,guard,175
1,4,16,1,7,16,151,bias-a,325
1,4,17,1,7,4,352,bias-d,325
1,4,18,1,7,15,211,guard,175
1,4,19,1,7,3,352,bias-c,318
1,4,20,1,7,14,211,bias-d,330
1,4,21,1,7,2,352,bias-b,327
1,4,22,1,7,13,211,bias-c,322
1,4,23,1,7,1,352,bias-a,327
1,4,24,1,7,45,353,guard,175
1,4,25,1,7,34,212,bias-d,324
1,4,26,1,7,44,353,bias-d,337
1,4,27,1,7,33,212,bias-c,315
1,4,28,1,7,43,353,bias-c,327
1,4,29,1,7,32,212,bias-b,324
1,4,30,1,7,42,353,bias-b,334
1,4,31,1,7,31,212,bias-a,323
1,4,32,1,7,41,353,bias-a,331
1,4,33,1,7,46,-1,spare,0
1,4,34,-1,-1,-1,-1,none,0
1,4,35,-1,-1,-1,-1,none,0
1,4,36,1,7,40,280,guard,175
1,4,37,1,7,30,152,guard,175
1,4,38,1,7,39,280,bias-d,332
1,4,39,1,7,29,152,bias-d,328
1,4,40,1,7,38,280,bias-c,325
1,4,41,1,7,28,152,bias-c,327
1,4,42,1,7,37,280,bias-b,325
1,4,43,1,7,27,152,bias-b,327
1,4,44,1,7,36,280,bias-a,330
1,4,45,1,7,26,152,bias-a,329
1,4,46,1,7,35,212,guard,175
1,4,47,1,7,25,279,guard,175
1,5,0,1,8,24,215,bias-d,323
1,5,1,1,8,12,354,bias-b,334
1,5,2,1,8,23,215,bias-c,325
1,5,3,1,8,11,354,bias-a,337
1,5,4,1,8,22,215,bias-b,324
1,5,5,1,8,10,214,guard,175
1,5,6,1,8,21,215,bias-a,323
1,5,7,1,8,9,214,bias-d,333
1,5,8,1,8,20,213,guard,175
1,5,9,1,8,8,214,bias-c,327
1,5,10,1,8,19,213,bias-d,316
1,5,11,1,8,7,214,bias-b,335
1,5,12,1,8,18,213,bias-c,321
1,5,13,1,8,6,214,bias-a,328
1,5,14,1,8,17,213,bias-b,315
1,5,15,1,8,5,281,guard,175
1,5,16,1,8,16,213,bias-a,315
1,5,17,1,8,4,281,bias-d,329
1,5,18,1,8,15,354,guard,175
1,5,19,1,8,3,281,bias-c,334
1,5,20,1,8,14,354,bias-d,353
1,5,21,1,8,2,281,bias-b,331
1,5,22,1,8,13,354,bias-c,348
1,5,23,1,8,1,281,bias-a,336
1,5,24,1,2,3,94,bias-c,346
1,5,25,1,8,36,355,bias-a,329
1,5,26,1,2,2,94,bias-b,341
1,5,27,1,8,35,154,guard,175
1,5,28,1,2,1,94,bias-a,344
1,5,29,1,8,34,154,bias-d,330
1,5,30,1,8,45,282,guard,175
1,5,31,1,8,33,154,bias-c,332
1,5,32,1,8,44,282,bias-d,327
1,5,33,1,8,32,154,bias-b,331
1,5,34,1,8,43,282,bias-c,327
1,5,35,1,8,31,154,bias-a,331
1,5,36,1,8,42,282,bias-b,330
1,5,37,1,8,30,153,guard,175
1,5,38,1,8,41,282,bias-a,335
1,5,39,1,8,29,153,bias-d,326
1,5,40,1,8,40,355,guard,175
1,5,41,1,8,28,153,bias-c,304
1,5,42,1,8,39,355,bias-d,325
1,5,43,1,8,27,153,bias-b,307
1,5,44,1,8,38,355,bias-c,331
1,5,45,1,8,26,153,bias-a,302
1,5,46,1,8,37,355,bias-b,330
1,5,47,1,8,25,215,guard,175
1,6,0,1,2,27,47,bias-b,336
1,6,1,1,2,15,150,guard,175
1,6,2,1,2,26,47,bias-a,321
1,6,3,1,2,14,150,bias-d,353
1,6,4,1,2,25,149,guard,175
1,6,5,1,2,13,150,bias-c,346
1,6,6,1,2,24,149,bias-d,324
1,6,7,1,2,12,150,bias-b,356
1,6,8,1,2,23,149,bias-c,330
1,6,9,1,2,11,150,bias-a,351
1,6,10,1,2,22,149,bias-b,328
1,6,11,1,2,10,96,guard,175
1,6,12,1,2,21,149,bias-a,331
1,6,13,1,2,9,96,bias-d,328
1,6,14,1,2,20,95,guard,175
1,6,15,1,2,8,96,bias-c,335
1,6,16,1,2,19,95,bias-d,342
1,6,17,1,2,7,96,bias-b,333
1,6,18,1,2,18,95,bias-c,337
1,6,19,1,2,6,96,bias-a,330
1,6,20,1,2,17,95,bias-b,337
1,6,21,1,2,5,94,guard,175
1,6,22,1,2,16,95,bias-a,334
1,6,23,1,2,4,94,bias-d,350
1,6,24,1,6,10,278,guard,175
1,6,25,1,2,39,4,bias-d,335
1,6,26,1,6,9,278,bias-d,331
1,6,27,1,2,38,4,bias-c,334
1,6,28,1,6,8,278,bias-c,334
1,6,29,1,2,37,4,bias-b,330
1,6,30,1,6,7,278,bias-b,335
1,6,31,1,2,36,4,bias-a,331
1,6,32,1,6,6,278,bias-a,333
1,6,33,1,2,35,46,guard,175
1,6,34,1,6,46,-1,spare,0
1,6,35,1,2,34,46,bias-d,332
1,6,36,1,6,5,276,guard,175
1,6,37,1,2,33,46,bias-c,306
1,6,38,1,6,4,276,bias-d,312
1,6,39,1,2,32,46,bias-b,311
1,6,40,1,6,3,276,bias-c,307
1,6,41,1,2,31,46,bias-a,311
1,6,42,1,6,2,276,bias-b,310
1,6,43,1,2,30,47,guard,175
1,6,44,1,6,1,276,bias-a,316
1,6,45,1,2,29,47,bias-d,332
1,6,46,1,2,40,4,guard,175
1,6,47,1,2,28,47,bias-c,330
1,7,0,1,6,34,277,bias-d,322
1,7,1,1,6,22,348,bias-b,331
1,7,2,1,6,33,277,bias-c,315
1,7,3,1,6,21,348,bias-a,330
1,7,4,1,6,32,277,bias-b,323
1,7,5,1,6,20,350,guard,175
1,7,6,1,6,31,277,bias-a,325
1,7,7,1,6,19,350,bias-d,325
1,7,8,1,6,30,349,guard,175
1,7,9,1,6,18,350,bias-c,327
1,7,10,1,6,29,349,bias-d,337
1,7,11,1,6,17,350,bias-b,331
1,7,12,1,6,28,349,bias-c,330
1,7,13,1,6,16,350,bias-a,329
1,7,14,1,6,27,349,bias-b,342
1,7,15,1,6,15,275,guard,175
1,7,16,1,6,26,349,bias-a,339
1,7,17,1,6,14,275,bias-d,330
1,7,18,1,6,25,348,guard,175
1,7,19,1,6,13,275,bias-c,342
1,7,20,1,6,24,348,bias-d,335
1,7,21,1,6,12,275,bias-b,329
1,7,22,1,6,23,348,bias-c,324
1,7,23,1,6,11,275,bias-a,330
1,7,24,2,1,18,101,bias-c,339
1,7,25,2,1,6,53,bias-a,343
1,7,26,2,1,17,101,bias-b,345
1,7,27,2,1,5,100,guard,175
1,7,28,2,1,16,101,bias-a,352
1,7,29,2,1,4,100,bias-d,326
1,7,30,2,1,15,10,guard,175
1,7,31,2,1,3,100,bias-c,325
1,7,32,2,1,14,10,bias-d,321
1,7,33,2,1,2,100,bias-b,323
1,7,34,2,1,13,10,bias-c,320
1,7,35,2,1,1,100,bias-a,318
1,7,36,2,1,12,10,bias-b,324
1,7,37,1,6,40,210,guard,175
1,7,38,2,1,11,10,bias-a,319
1,7,39,1,6,39,210,bias-d,329
1,7,40,2,1,10,53,guard,175
1,7,41,1,6,38,210,bias-c,324
1,7,42,2,1,9,53,bias-d,345
1,7,43,1,6,37,210,bias-b,330
1,7,44,2,1,8,53,bias-c,344
1,7,45,1,6,36,210,bias-a,323
1,7,46,2,1,7,53,bias-b,336
1,7,47,1,6,35,277,guard,175
1,8,0,2,1,42,51,bias-b,325
1,8,1,2,1,30,52,guard,175
1,8,2,2,1,41,51,bias-a,322
1,8,3,2,1,29,52,bias-d,335
1,8,4,2,1,40,8,guard,175
1,8,5,2,1,28,52,bias-c,331
1,8,6,2,1,39,8,bias-d,339
1,8,7,2,1,27,52,bias-b,328
1,8,8,2,1,38,8,bias-c,336
1,8,9,2,1,26,52,bias-a,332
1,8,10,2,1,37,8,bias-b,330
1,8,11,2,1,25,102,guard,175
1,8,12,2,1,36,8,bias-a,335
1,8,13,2,1,24,102,bias-d,329
1,8,14,2,1,35,9,guard,175
1,8,15,2,1,23,102,bias-c,331
1,8,16,2,1,34,9,bias-d,338
1,8,17,2,1,22,102,bias-b,329
1,8,18,2,1,33,9,bias-c,329
1,8,19,2,1,21,102,bias-a,330
1,8,20,2,1,32,9,bias-b,330
1,8,21,2,1,20,101,guard,175
1,8,22,2,1,31,9,bias-a,323
1,8,23,2,1,19,101,bias-d,346
1,8,24,2,3,20,57,guard,175
1,8,25,2,3,8,13,bias-c,328
1,8,26,2,3,19,57,bias-d,349
1,8,27,2,3,7,13,bias-b,327
1,8,28,2,3,18,57,bias-c,339
1,8,29,2,3,6,13,bias-a,323
1,8,30,2,3,17,57,bias-b,343
1,8,31,2,3,5,12,guard,175
1,8,32,2,3,16,57,bias-a,345
1,8,33,2,3,4,12,bias-d,334
1,8,34,2,3,15,14,guard,175
1,8,35,2,3,46,-1,spare,0
1,8,36,2,3,14,14,bias-d,359
1,8,37,2,3,3,12,bias-c,335
1,8,38,2,3,13,14,bias-c,352
1,8,39,2,3,2,12,bias-b,334
1,8,40,2,3,12,14,bias-b,363
1,8,41,2,3,1,12,bias-a,329
1,8,42,2,3,11,14,bias-a,358
1,8,43,2,1,45,51,guard,175
1,8,44,2,3,10,13,guard,175
1,8,45,2,1,44,51,bias-d,325
1,8,46,2,3,9,13,bias-d,329
1,8,47,2,1,43,51,bias-c,319
1,9,0,2,3,44,56,bias-d,330
1,9,1,2,3,32,107,bias-b,351
1,9,2,2,3,43,56,bias-c,327
1,9,3,2,3,31,107,bias-a,342
1,9,4,2,3,42,56,bias-b,328
1,9,5,2,3,30,106,guard,175
1,9,6,2,3,41,56,bias-a,326
1,9,7,2,3,29,106,bias-d,333
1,9,8,2,3,40,108,guard,175
1,9,9,2,3,28,106,bias-c,342
1,9,10,2,3,39,108,bias-d,334
1,9,11,2,3,27,106,bias-b,332
1,9,12,2,3,38,108,bias-c,321
1,9,13,2,3,26,106,bias-a,335
1,9,14,2,3,37,108,bias-b,324
1,9,15,2,3,25,58,guard,175
1,9,16,2,3,36,108,bias-a,322
1,9,17,2,3,24,58,bias-d,325
1,9,18,2,3,35,107,guard,175
1,9,19,2,3,23,58,bias-c,329
1,9,20,2,3,34,107,bias-d,344
1,9,21,2,3,22,58,bias-b,322
1,9,22,2,3,33,107,bias-c,349
1,9,23,2,3,21,58,bias-a,332
1,9,24,2,4,23,217,bias-c,313
1,9,25,2,4,11,283,bias-a,327
1,9,26,2,4,22,217,bias-b,313
1,9,27,2,4,10,216,guard,175
1,9,28,2,4,21,217,bias-a,324
1,9,29,2,4,9,216,bias-d,311
1,9,30,2,4,20,356,guard,175
1,9,31,2,4,8,216,bias-c,311
1,9,32,2,4,19,356,bias-d,361
1,9,33,2,4,7,216,bias-b,316
1,9,34,2,4,18,356,bias-c,363
1,9,35,2,4,6,216,bias-a,305
1,9,36,2,4,17,356,bias-b,354
1,9,37,2,4,5,357,guard,175
1,9,38,2,4,16,356,bias-a,366
1,9,39,2,4,4,357,bias-d,329
1,9,40,2,4,15,283,guard,175
1,9,41,2,4,3,357,bias-c,322
1,9,42,2,4,14,283,bias-d,329
1,9,43,2,4,2,357,bias-b,333
1,9,44,2,4,13,283,bias-c,325
1,9,45,2,4,1,357,bias-a,327
1,9,46,2,4,12,283,bias-b,328
1,9,47,2,3,45,56,guard,175
1,10,0,2,5,2,358,bias-b,339
1,10,1,2,4,35,284,guard,175
1,10,2,2,5,1,358,bias-a,331
1,10,3,2,4,34,284,bias-d,331
1,10,4,2,4,45,218,guard,175
1,10,5,2,4,33,284,bias-c,331
1,10,6,2,4,44,218,bias-d,323
1,10,7,2,4,32,284,bias-b,330
1,10,8,2,4,43,218,bias-c,314
1,10,9,2,4,31,284,bias-a,334
1,10,10,2,4,42,218,bias-b,318
1,10,11,2,4,30,156,guard,175
1,10,12,2,4,41,218,bias-a,317
1,10,13,2,4,29,156,bias-d,331
1,10,14,2,4,40,155,guard,175
1,10,15,2,4,28,156,bias-c,328
1,10,16,2,4,39,155,bias-d,323
1,10,17,2,4,27,156,bias-b,334
1,10,18,2,4,38,155,bias-c,323
1,10,19,2,4,26,156,bias-a,331
1,10,20,2,4,37,155,bias-b,328
1,10,21,2,4,25,217,guard,175
1,10,22,2,4,36,155,bias-a,331
1,10,23,2,4,24,217,bias-d,312
1,10,24,2,5,25,359,guard,175
1,10,25,2,5,14,360,bias-d,335
1,10,26,2,5,24,359,bias-d,345
1,10,27,2,5,13,360,bias-c,341
1,10,28,2,5,23,359,bias-c,351
1,10,29,2,5,12,360,bias-b,338
1,10,30,2,5,22,359,bias-b,353
1,10,31,2,5,11,360,bias-a,338
1,10,32,2,5,46,-1,spare,0
1,10,33,2,5,10,285,guard,175
1,10,34,2,5,21,359,bias-a,354
1,10,35,2,5,9,285,bias-d,314
1,10,36,2,5,20,286,guard,175
1,10,37,2,5,8,285,bias-c,315
1,10,38,2,5,19,286,bias-d,322
1,10,39,2,5,7,285,bias-b,327
1,10,40,2,5,18,286,bias-c,315
1,10,41,2,5,6,285,bias-a,330
1,10,42,2,5,17,286,bias-b,321
1,10,43,2,5,5,358,guard,175
1,10,44,2,5,16,286,bias-a,322
1,10,45,2,5,4,358,bias-d,331
1,10,46,2,5,15,360,guard,175
1,10,47,2,5,3,358,bias-c,336
1,11,0,2,7,4,365,bias-d,331
1,11,1,2,5,37,220,bias-b,332
1,11,2,2,7,3,365,bias-c,335
1,11,3,2,5,36,220,bias-a,326
1,11,4,2,7,2,365,bias-b,327
1,11,5,2,5,35,157,guard,175
1,11,6,2,7,1,365,bias-a,329
1,11,7,2,5,34,157,bias-d,321
1,11,8,2,5,45,158,guard,175
1,11,9,2,5,33,157,bias-c,315
1,11,10,2,5,44,158,bias-d,334
1,11,11,2,5,32,157,bias-b,322
1,11,12,2,5,43,158,bias-c,328
1,11,13,2,5,31,157,bias-a,319
1,11,14,2,5,42,158,bias-b,333
1,11,15,2,5,30,219,guard,175
1,11,16,2,5,41,158,bias-a,329
1,11,17,2,5,29,219,bias-d,308
1,11,18,2,5,40,220,guard,175
1,11,19,2,5,28,219,bias-c,316
1,11,20,2,5,39,220,bias-d,319
1,11,21,2,5,27,219,bias-b,316
1,11,22,2,5,38,220,bias-c,321
1,11,23,2,5,26,219,bias-a,310
1,11,24,2,7,28,162,bias-c,323
1,11,25,2,7,16,161,bias-a,345
1,11,26,2,7,27,162,bias-b,319
1,11,27,2,7,15,222,guard,175
1,11,28,2,7,26,162,bias-a,317
1,11,29,2,7,14,222,bias-d,330
1,11,30,2,7,25,291,guard,175
1,11,31,2,7,13,222,bias-c,337
1,11,32,2,7,24,291,bias-d,329
1,11,33,2,7,12,222,bias-b,342
1,11,34,2,7,23,291,bias-c,338
1,11,35,2,7,11,222,bias-a,349
1,11,36,2,7,22,291,bias-b,328
1,11,37,2,7,10,364,guard,175
1,11,38,2,7,21,291,bias-a,332
1,11,39,2,7,9,364,bias-d,314
1,11,40,2,7,20,161,guard,175
1,11,41,2,7,8,364,bias-c,309
1,11,42,2,7,19,161,bias-d,337
1,11,43,2,7,7,364,bias-b,313
1,11,44,2,7,18,161,bias-c,343
1,11,45,2,7,6,364,bias-a,318
1,11,46,2,7,17,161,bias-b,350
1,11,47,2,7,5,365,guard,175
1,12,0,2,8,7,225,bias-b,339
1,12,1,2,7,40,292,guard,175
1,12,2,2,8,6,225,bias-a,343
1,12,3,2,7,39,292,bias-d,335
1,12,4,2,8,5,293,guard,175
1,12,5,2,7,38,292,bias-c,329
1,12,6,2,8,4,293,bias-d,334
1,12,7,2,7,37,292,bias-b,332
1,12,8,2,8,3,293,bias-c,319
1,12,9,2,7,36,292,bias-a,334
1,12,10,2,8,2,293,bias-b,317
1,12,11,2,7,35,223,guard,175
1,12,12,2,8,1,293,bias-a,315
1,12,13,2,7,34,223,bias-d,342
1,12,14,2,7,45,366,guard,175
1,12,15,2,7,33,223,bias-c,350
1,12,16,2,7,44,366,bias-d,346
1,12,17,2,7,32,223,bias-b,352
1,12,18,2,7,43,366,bias-c,332
1,12,19,2,7,31,223,bias-a,353
1,12,20,2,7,42,366,bias-b,340
1,12,21,2,7,30,162,guard,175
1,12,22,2,7,41,366,bias-a,344
1,12,23,2,7,29,162,bias-d,317
1,12,24,2,8,30,163,guard,175
1,12,25,2,8,18,224,bias-c,330
1,12,26,2,8,29,163,bias-d,347
1,12,27,2,8,17,224,bias-b,324
1,12,28,2,8,28,163,bias-c,344
1,12,29,2,8,16,224,bias-a,325
1,12,30,2,8,27,163,bias-b,352
1,12,31,2,8,46,-1,spare,0
1,12,32,2,8,26,163,bias-a,352
1,12,33,2,8,15,367,guard,175
1,12,34,2,8,25,226,guard,175
1,12,35,2,8,14,367,bias-d,334
1,12,36,2,8,24,226,bias-d,320
1,12,37,2,8,13,367,bias-c,329
1,12,38,2,8,23,226,bias-c,313
1,12,39,2,8,12,367,bias-b,329
1,12,40,2,8,22,226,bias-b,320
1,12,41,2,8,11,367,bias-a,338
1,12,42,2,8,21,226,bias-a,317
1,12,43,2,8,10,225,guard,175
1,12,44,2,8,20,224,guard,175
1,12,45,2,8,9,225,bias-d,331
1,12,46,2,8,19,224,bias-d,325
1,12,47,2,8,8,225,bias-c,342
1,13,0,2,2,9,105,bias-d,333
1,13,1,2,8,42,294,bias-b,327
1,13,2,2,2,8,105,bias-c,331
1,13,3,2,8,41,294,bias-a,332
1,13,4,2,2,7,105,bias-b,337
1,13,5,2,8,40,368,guard,175
1,13,6,2,2,6,105,bias-a,335
1,13,7,2,8,39,368,bias-d,317
1,13,8,2,2,5,103,guard,175
1,13,9,2,8,38,368,bias-c,316
1,13,10,2,2,4,103,bias-d,336
1,13,11,2,8,37,368,bias-b,315
1,13,12,2,2,3,103,bias-c,330
1,13,13,2,8,36,368,bias-a,315
1,13,14,2,2,2,103,bias-b,332
1,13,15,2,8,35,164,guard,175
1,13,16,2,2,1,103,bias-a,328
1,13,17,2,8,34,164,bias-d,346
1,13,18,2,8,45,294,guard,175
1,13,19,2,8,33,164,bias-c,338
1,13,20,2,8,44,294,bias-d,327
1,13,21,2,8,32,164,bias-b,345
1,13,22,2,8,43,294,bias-c,329
1,13,23,2,8,31,164,bias-a,343
1,13,24,2,2,33,54,bias-c,332
1,13,25,2,2,21,159,bias-a,338
1,13,26,2,2,32,54,bias-b,339
1,13,27,2,2,20,104,guard,175
1,13,28,2,2,31,54,bias-a,333
1,13,29,2,2,19,104,bias-d,327
1,13,30,2,2,30,55,guard,175
1,13,31,2,2,18,104,bias-c,322
1,13,32,2,2,29,55,bias-d,329
1,13,33,2,2,17,104,bias-b,331
1,13,34,2,2,28,55,bias-c,326
1,13,35,2,2,16,104,bias-a,327
1,13,36,2,2,27,55,bias-b,326
1,13,37,2,2,15,160,guard,175
1,13,38,2,2,26,55,bias-a,325
1,13,39,2,2,14,160,bias-d,317
1,13,40,2,2,25,159,guard,175
1,13,41,2,2,13,160,bias-c,313
1,13,42,2,2,24,159,bias-d,333
1,13,43,2,2,12,160,bias-b,306
1,13,44,2,2,23,159,bias-c,343
1,13,45,2,2,11,160,bias-a,318
1,13,46,2,2,22,159,bias-b,336
1,13,47,2,2,10,105,guard,175
1,14,0,2,6,17,363,bias-b,326
1,14,1,2,6,5,288,guard,175
1,14,2,2,6,16,363,bias-a,324
1,14,3,2,6,4,288,bias-d,330
1,14,4,2,6,15,287,guard,175
1,14,5,2,6,3,288,bias-c,333
1,14,6,2,6,14,287,bias-d,332
1,14,7,2,6,2,288,bias-b,329
1,14,8,2,6,13,287,bias-c,327
1,14,9,2,6,1,288,bias-a,332
1,14,10,2,6,12,287,bias-b,333
1,14,11,2,2,40,11,guard,175
1,14,12,2,6,11,287,bias-a,325
1,14,13,2,2,39,11,bias-d,343
1,14,14,2,6,10,290,guard,175
1,14,15,2,2,38,11,bias-c,333
1,14,16,2,6,9,290,bias-d,348
1,14,17,2,2,37,11,bias-b,351
1,14,18,2,6,8,290,bias-c,347
1,14,19,2,2,36,11,bias-a,342
1,14,20,2,6,7,290,bias-b,345
1,14,21,2,2,35,54,guard,175
1,14,22,2,6,6,290,bias-a,350
1,14,23,2,2,34,54,bias-d,331
1,14,24,2,6,40,221,guard,175
1,14,25,2,6,29,362,bias-d,314
1,14,26,2,6,39,221,bias-d,348
1,14,27,2,6,28,362,bias-c,323
1,14,28,2,6,38,221,bias-c,344
1,14,29,2,6,27,362,bias-b,340
1,14,30,2,6,46,-1,spare,0
1,14,31,2,6,26,362,bias-a,346
1,14,32,2,6,37,221,bias-b,340
1,14,33,2,6,25,361,guard,175
1,14,34,2,6,36,221,bias-a,351
1,14,35,2,6,24,361,bias-d,330
1,14,36,2,6,35,289,guard,175
1,14,37,2,6,23,361,bias-c,325
1,14,38,2,6,34,289,bias-d,331
1,14,39,2,6,22,361,bias-b,343
1,14,40,2,6,33,289,bias-c,316
1,14,41,2,6,21,361,bias-a,338
1,14,42,2,6,32,289,bias-b,312
1,14,43,2,6,20,363,guard,175
1,14,44,2,6,31,289,bias-a,323
1,14,45,2,6,19,363,bias-d,317
1,14,46,2,6,30,362,guard,175
1,14,47,2,6,18,363,bias-c,324
2,0,0,3,1,24,111,bias-d,322
2,0,1,3,1,12,17,bias-b,341
2,0,2,3,1,23,111,bias-c,323
2,0,3,3,1,11,17,bias-a,319
2,0,4,3,1,22,111,bias-b,323
2,0,5,3,1,10,61,guard,175
2,0,6,3,1,21,111,bias-a,316
2,0,7,3,1,9,61,bias-d,346
2,0,8,3,1,20,110,guard,175
2,0,9,3,1,8,61,bias-c,337
2,0,10,3,1,19,110,bias-d,316
2,0,11,3,1,7,61,bias-b,329
2,0,12,3,1,18,110,bias-c,320
2,0,13,3,1,6,61,bias-a,341
2,0,14,3,1,17,110,bias-b,317
2,0,15,3,1,5,109,guard,175
2,0,16,3,1,16,110,bias-a,322
2,0,17,3,1,4,109,bias-d,327
2,0,18,3,1,15,17,guard,175
2,0,19,3,1,3,109,bias-c,332
2,0,20,3,1,14,17,bias-d,324
2,0,21,3,1,2,109,bias-b,332
2,0,22,3,1,13,17,bias-c,331
2,0,23,3,1,1,109,bias-a,331
2,0,24,3,1,45,59,guard,175
2,0,25,3,1,34,16,bias-d,328
2,0,26,3,1,44,59,bias-d,362
2,0,27,3,1,33,16,bias-c,332
2,0,28,3,1,43,59,bias-c,355
2,0,29,3,1,32,16,bias-b,329
2,0,30,3,1,42,59,bias-b,351
2,0,31,3,1,31,16,bias-a,337
2,0,32,3,1,41,59,bias-a,363
2,0,33,3,1,30,60,guard,175
2,0,34,3,1,40,15,guard,175
2,0,35,3,1,29,60,bias-d,341
2,0,36,3,1,39,15,bias-d,327
2,0,37,3,1,28,60,bias-c,325
2,0,38,3,1,38,15,bias-c,330
2,0,39,3,1,27,60,bias-b,324
2,0,40,3,1,37,15,bias-b,328
2,0,41,3,1,26,60,bias-a,329
2,0,42,3,1,36,15,bias-a,331
2,0,43,3,1,25,111,guard,175
2,0,44,3,1,35,16,guard,175
2,0,45,3,1,46,-1,spare,0
2,0,46,-1,-1,-1,-1,none,0
2,0,47,-1,-1,-1,-1,none,0
2,1,0,3,3,24,66,bias-d,332
2,1,1,3,3,12,21,bias-b,347
2,1,2,3,3,23,66,bias-c,335
2,1,3,3,3,11,21,bias-a,344
2,1,4,3,3,22,66,bias-b,334
2,1,5,3,3,10,20,guard,175
2,1,6,3,3,21,66,bias-a,331
2,1,7,3,3,9,20,bias-d,329
2,1,8,3,3,20,65,guard,175
2,1,9,3,3,8,20,bias-c,312
2,1,10,3,3,19,65,bias-d,335
2,1,11,3,3,7,20,bias-b,306
2,1,12,3,3,18,65,bias-c,330
2,1,13,3,3,6,20,bias-a,309
2,1,14,3,3,17,65,bias-b,335
2,1,15,3,3,5,19,guard,175
2,1,16,3,3,16,65,bias-a,335
2,1,17,3,3,4,19,bias-d,345
2,1,18,3,3,15,21,guard,175
2,1,19,3,3,3,19,bias-c,328
2,1,20,3,3,14,21,bias-d,341
2,1,21,3,3,2,19,bias-b,330
2,1,22,3,3,13,21,bias-c,339
2,1,23,3,3,1,19,bias-a,333
2,1,24,3,3,45,64,guard,175
2,1,25,3,3,35,116,guard,175
2,1,26,3,3,44,64,bias-d,330
2,1,27,3,3,34,116,bias-d,326
2,1,28,3,3,43,64,bias-c,331
2,1,29,3,3,33,116,bias-c,325
2,1,30,3,3,42,64,bias-b,334
2,1,31,3,3,32,116,bias-b,319
2,1,32,3,3,41,64,bias-a,329
2,1,33,3,3,31,116,bias-a,319
2,1,34,3,3,40,117,guard,175
2,1,35,3,3,30,115,guard,175
2,1,36,3,3,39,117,bias-d,342
2,1,37,3,3,29,115,bias-d,329
2,1,38,3,3,38,117,bias-c,346
2,1,39,3,3,28,115,bias-c,332
2,1,40,3,3,37,117,bias-b,344
2,1,41,3,3,27,115,bias-b,331
2,1,42,3,3,46,-1,spare,0
2,1,43,-1,-1,-1,-1,none,0
2,1,44,-1,-1,-1,-1,none,0
2,1,45,3,3,26,115,bias-a,329
2,1,46,3,3,36,117,bias-a,340
2,1,47,3,3,25,66,guard,175
2,2,0,3,4,24,228,bias-d,328
2,2,1,3,4,12,295,bias-b,321
2,2,2,3,4,23,228,bias-c,330
2,2,3,3,4,11,295,bias-a,323
2,2,4,3,4,22,228,bias-b,332
2,2,5,3,4,10,227,guard,175
2,2,6,3,4,21,228,bias-a,335
2,2,7,3,4,9,227,bias-d,332
2,2,8,3,4,20,369,guard,175
2,2,9,3,4,8,227,bias-c,331
2,2,10,3,4,19,369,bias-d,331
2,2,11,3,4,7,227,bias-b,329
2,2,12,3,4,18,369,bias-c,330
2,2,13,3,4,6,227,bias-a,329
2,2,14,3,4,17,369,bias-b,330
2,2,15,3,4,5,370,guard,175
2,2,16,3,4,16,369,bias-a,342
2,2,17,3,4,4,370,bias-d,325
2,2,18,3,4,15,295,guard,175
2,2,19,3,4,3,370,bias-c,330
2,2,20,3,4,14,295,bias-d,324
2,2,21,3,4,2,370,bias-b,336
2,2,22,3,4,13,295,bias-c,320
2,2,23,3,4,1,370,bias-a,331
2,2,24,3,4,45,229,guard,175
2,2,25,3,4,34,296,bias-d,331
2,2,26,3,4,44,229,bias-d,332
2,2,27,3,4,33,296,bias-c,335
2,2,28,3,4,43,229,bias-c,324
2,2,29,3,4,32,296,bias-b,329
2,2,30,3,4,42,229,bias-b,336
2,2,31,3,4,31,296,bias-a,328
2,2,32,3,4,41,229,bias-a,342
2,2,33,3,4,30,166,guard,175
2,2,34,3,4,40,165,guard,175
2,2,35,3,4,29,166,bias-d,335
2,2,36,3,4,39,165,bias-d,326
2,2,37,3,4,28,166,bias-c,341
2,2,38,3,4,38,165,bias-c,330
2,2,39,3,4,46,-1,spare,0
2,2,40,-1,-1,-1,-1,none,0
2,2,41,-1,-1,-1,-1,none,0
2,2,42,3,4,37,165,bias-b,334
2,2,43,3,4,27,166,bias-b,336
2,2,44,3,4,36,165,bias-a,329
2,2,45,3,4,26,166,bias-a,330
2,2,46,3,4,35,296,guard,175
2,2,47,3,4,25,228,guard,175
2,3,0,3,5,24,372,bias-d,324
2,3,1,3,5,12,373,bias-b,347
2,3,2,3,5,23,372,bias-c,328
2,3,3,3,5,11,373,bias-a,342
2,3,4,3,5,22,372,bias-b,318
2,3,5,3,5,10,297,guard,175
2,3,6,3,5,21,372,bias-a,321
2,3,7,3,5,9,297,bias-d,332
2,3,8,3,5,20,298,guard,175
2,3,9,3,5,8,297,bias-c,330
2,3,10,3,5,19,298,bias-d,323
2,3,11,3,5,7,297,bias-b,336
2,3,12,3,5,18,298,bias-c,325
2,3,13,3,5,6,297,bias-a,333
2,3,14,3,5,17,298,bias-b,323
2,3,15,3,5,5,371,guard,175
2,3,16,3,5,16,298,bias-a,325
2,3,17,3,5,4,371,bias-d,334
2,3,18,3,5,15,373,guard,175
2,3,19,3,5,3,371,bias-c,333
2,3,20,3,5,14,373,bias-d,365
2,3,21,3,5,2,371,bias-b,329
2,3,22,3,5,13,373,bias-c,347
2,3,23,3,5,1,371,bias-a,337
2,3,24,3,5,45,168,guard,175
2,3,25,3,5,35,167,guard,175
2,3,26,3,5,44,168,bias-d,329
2,3,27,3,5,34,167,bias-d,324
2,3,28,3,5,43,168,bias-c,328
2,3,29,3,5,33,167,bias-c,323
2,3,30,3,5,42,168,bias-b,324
2,3,31,3,5,32,167,bias-b,318
2,3,32,3,5,41,168,bias-a,327
2,3,33,3,5,31,167,bias-a,325
2,3,34,3,5,40,231,guard,175
2,3,35,3,5,30,230,guard,175
2,3,36,3,5,46,-1,spare,0
2,3,37,-1,-1,-1,-1,none,0
2,3,38,-1,-1,-1,-1,none,0
2,3,39,3,5,29,230,bias-d,332
2,3,40,3,5,39,231,bias-d,334
2,3,41,3,5,28,230,bias-c,336
2,3,42,3,5,38,231,bias-c,335
2,3,43,3,5,27,230,bias-b,329
2,3,44,3,5,37,231,bias-b,336
2,3,45,3,5,26,230,bias-a,329
2,3,46,3,5,36,231,bias-a,331
2,3,47,3,5,25,372,guard,175
2,4,0,3,7,24,303,bias-d,345
2,4,1,3,7,12,233,bias-b,315
2,4,2,3,7,23,303,bias-c,350
2,4,3,3,7,11,233,bias-a,328
2,4,4,3,7,22,303,bias-b,353
2,4,5,3,7,10,377,guard,175
2,4,6,3,7,21,303,bias-a,342
2,4,7,3,7,9,377,bias-d,329
2,4,8,3,7,20,171,guard,175
2,4,9,3,7,8,377,bias-c,330
2,4,10,3,7,19,171,bias-d,322
2,4,11,3,7,7,377,bias-b,333
2,4,12,3,7,18,171,bias-c,312
2,4,13,3,7,6,377,bias-a,335
2,4,14,3,7,17,171,bias-b,320
2,4,15,3,7,5,378,guard,175
2,4,16,3,7,16,171,bias-a,318
2,4,17,3,7,4,378,bias-d,330
2,4,18,3,7,15,233,guard,175
2,4,19,3,7,3,378,bias-c,322
2,4,20,3,7,14,233,bias-d,326
2,4,21,3,7,2,378,bias-b,329
2,4,22,3,7,13,233,bias-c,320
2,4,23,3,7,1,378,bias-a,330
2,4,24,3,7,45,379,guard,175
2,4,25,3,7,34,234,bias-d,332
2,4,26,3,7,44,379,bias-d,343
2,4,27,3,7,33,234,bias-c,327
2,4,28,3,7,43,379,bias-c,336
2,4,29,3,7,32,234,bias-b,329
2,4,30,3,7,42,379,bias-b,337
2,4,31,3,7,31,234,bias-a,326
2,4,32,3,7,41,379,bias-a,345
2,4,33,3,7,46,-1,spare,0
2,4,34,-1,-1,-1,-1,none,0
2,4,35,-1,-1,-1,-1,none,0
2,4,36,3,7,40,304,guard,175
2,4,37,3,7,30,172,guard,175
2,4,38,3,7,39,304,bias-d,323
2,4,39,3,7,29,172,bias-d,330
2,4,40,3,7,38,304,bias-c,328
2,4,41,3,7,28,172,bias-c,333
2,4,42,3,7,37,304,bias-b,328
2,4,43,3,7,27,172,bias-b,333
2,4,44,3,7,36,304,bias-a,327
2,4,45,3,7,26,172,bias-a,330
2,4,46,3,7,35,234,guard,175
2,4,47,3,7,25,303,guard,175
2,5,0,3,8,24,237,bias-d,338
2,5,1,3,8,12,380,bias-b,358
2,5,2,3,8,23,237,bias-c,341
2,5,3,3,8,11,380,bias-a,347
2,5,4,3,8,22,237,bias-b,333
2,5,5,3,8,10,236,guard,175
2,5,6,3,8,21,237,bias-a,335
2,5,7,3,8,9,236,bias-d,345
2,5,8,3,8,20,235,guard,175
2,5,9,3,8,8,236,bias-c,349
2,5,10,3,8,19,235,bias-d,332
2,5,11,3,8,7,236,bias-b,349
2,5,12,3,8,18,235,bias-c,332
2,5,13,3,8,6,236,bias-a,344
2,5,14,3,8,17,235,bias-b,341
2,5,15,3,8,5,305,guard,175
2,5,16,3,8,16,235,bias-a,341
2,5,17,3,8,4,305,bias-d,339
2,5,18,3,8,15,380,guard,175
2,5,19,3,8,3,305,bias-c,339
2,5,20,3,8,14,380,bias-d,352
2,5,21,3,8,2,305,bias-b,337
2,5,22,3,8,13,380,bias-c,353
2,5,23,3,8,1,305,bias-a,343
2,5,24,3,2,3,112,bias-c,319
2,5,25,3,8,36,381,bias-a,311
2,5,26,3,2,2,112,bias-b,324
2,5,27,3,8,35,174,guard,175
2,5,28,3,2,1,112,bias-a,329
2,5,29,3,8,34,174,bias-d,328
2,5,30,3,8,45,306,guard,175
2,5,31,3,8,33,174,bias-c,332
2,5,32,3,8,44,306,bias-d,351
2,5,33,3,8,32,174,bias-b,334
2,5,34,3,8,43,306,bias-c,354
2,5,35,3,8,31,174,bias-a,338
2,5,36,3,8,42,306,bias-b,355
2,5,37,3,8,30,173,guard,175
2,5,38,3,8,41,306,bias-a,353
2,5,39,3,8,29,173,bias-d,330
2,5,40,3,8,40,381,guard,175
2,5,41,3,8,28,173,bias-c,341
2,5,42,3,8,39,381,bias-d,318
2,5,43,3,8,27,173,bias-b,327
2,5,44,3,8,38,381,bias-c,311
2,5,45,3,8,26,173,bias-a,327
2,5,46,3,8,37,381,bias-b,320
2,5,47,3,8,25,237,guard,175
2,6,0,3,2,27,63,bias-b,325
2,6,1,3,2,15,170,guard,175
2,6,2,3,2,26,63,bias-a,327
2,6,3,3,2,14,170,bias-d,337
2,6,4,3,2,25,169,guard,175
2,6,5,3,2,13,170,bias-c,333
2,6,6,3,2,24,169,bias-d,362
2,6,7,3,2,12,170,bias-b,329
2,6,8,3,2,23,169,bias-c,361
2,6,9,3,2,11,170,bias-a,340
2,6,10,3,2,22,169,bias-b,363
2,6,11,3,2,10,114,guard,175
2,6,12,3,2,21,169,bias-a,360
2,6,13,3,2,9,114,bias-d,317
2,6,14,3,2,20,113,guard,175
2,6,15,3,2,8,114,bias-c,316
2,6,16,3,2,19,113,bias-d,320
2,6,17,3,2,7,114,bias-b,322
2,6,18,3,2,18,113,bias-c,310
2,6,19,3,2,6,114,bias-a,322
2,6,20,3,2,17,113,bias-b,316
2,6,21,3,2,5,112,guard,175
2,6,22,3,2,16,113,bias-a,311
2,6,23,3,2,4,112,bias-d,331
2,6,24,3,6,10,302,guard,175
2,6,25,3,2,39,18,bias-d,333
2,6,26,3,6,9,302,bias-d,320
2,6,27,3,2,38,18,bias-c,330
2,6,28,3,6,8,302,bias-c,319
2,6,29,3,2,37,18,bias-b,336
2,6,30,3,6,7,302,bias-b,326
2,6,31,3,2,36,18,bias-a,329
2,6,32,3,6,6,302,bias-a,324
2,6,33,3,2,35,62,guard,175
2,6,34,3,6,46,-1,spare,0
2,6,35,3,2,34,62,bias-d,338
2,6,36,3,6,5,300,guard,175
2,6,37,3,2,33,62,bias-c,336
2,6,38,3,6,4,300,bias-d,322
2,6,39,3,2,32,62,bias-b,339
2,6,40,3,6,3,300,bias-c,321
2,6,41,3,2,31,62,bias-a,338
2,6,42,3,6,2,300,bias-b,318
2,6,43,3,2,30,63,guard,175
2,6,44,3,6,1,300,bias-a,319
2,6,45,3,2,29,63,bias-d,334
2,6,46,3,2,40,18,guard,175
2,6,47,3,2,28,63,bias-c,334
2,7,0,3,6,34,301,bias-d,344
2,7,1,3,6,22,374,bias-b,314
2,7,2,3,6,33,301,bias-c,346
2,7,3,3,6,21,374,bias-a,321
2,7,4,3,6,32,301,bias-b,341
2,7,5,3,6,20,376,guard,175
2,7,6,3,6,31,301,bias-a,347
2,7,7,3,6,19,376,bias-d,321
2,7,8,3,6,30,375,guard,175
2,7,9,3,6,18,376,bias-c,322
2,7,10,3,6,29,375,bias-d,344
2,7,11,3,6,17,376,bias-b,323
2,7,12,3,6,28,375,bias-c,341
2,7,13,3,6,16,376,bias-a,320
2,7,14,3,6,27,375,bias-b,343
2,7,15,3,6,15,299,guard,175
2,7,16,3,6,26,375,bias-a,346
2,7,17,3,6,14,299,bias-d,329
2,7,18,3,6,25,374,guard,175
2,7,19,3,6,13,299,bias-c,329
2,7,20,3,6,24,374,bias-d,320
2,7,21,3,6,12,299,bias-b,329
2,7,22,3,6,23,374,bias-c,321
2,7,23,3,6,11,299,bias-a,323
2,7,24,4,1,18,119,bias-c,353
2,7,25,4,1,6,69,bias-a,328
2,7,26,4,1,17,119,bias-b,351
2,7,27,4,1,5,118,guard,175
2,7,28,4,1,16,119,bias-a,343
2,7,29,4,1,4,118,bias-d,321
2,7,30,4,1,15,24,guard,175
2,7,31,4,1,3,118,bias-c,319
2,7,32,4,1,14,24,bias-d,322
2,7,33,4,1,2,118,bias-b,309
2,7,34,4,1,13,24,bias-c,329
2,7,35,4,1,1,118,bias-a,319
2,7,36,4,1,12,24,bias-b,328
2,7,37,3,6,40,232,guard,175
2,7,38,4,1,11,24,bias-a,328
2,7,39,3,6,39,232,bias-d,335
2,7,40,4,1,10,69,guard,175
2,7,41,3,6,38,232,bias-c,333
2,7,42,4,1,9,69,bias-d,317
2,7,43,3,6,37,232,bias-b,329
2,7,44,4,1,8,69,bias-c,329
2,7,45,3,6,36,232,bias-a,329
2,7,46,4,1,7,69,bias-b,324
2,7,47,3,6,35,301,guard,175
2,8,0,4,1,42,67,bias-b,336
2,8,1,4,1,30,68,guard,175
2,8,2,4,1,41,67,bias-a,338
2,8,3,4,1,29,68,bias-d,312
2,8,4,4,1,40,22,guard,175
2,8,5,4,1,28,68,bias-c,316
2,8,6,4,1,39,22,bias-d,319
2,8,7,4,1,27,68,bias-b,319
2,8,8,4,1,38,22,bias-c,322
2,8,9,4,1,26,68,bias-a,319
2,8,10,4,1,37,22,bias-b,322
2,8,11,4,1,25,120,guard,175
2,8,12,4,1,36,22,bias-a,322
2,8,13,4,1,24,120,bias-d,308
2,8,14,4,1,35,23,guard,175
2,8,15,4,1,23,120,bias-c,316
2,8,16,4,1,34,23,bias-d,336
2,8,17,4,1,22,120,bias-b,313
2,8,18,4,1,33,23,bias-c,332
2,8,19,4,1,21,120,bias-a,310
2,8,20,4,1,32,23,bias-b,316
2,8,21,4,1,20,119,guard,175
2,8,22,4,1,31,23,bias-a,325
2,8,23,4,1,19,119,bias-d,355
2,8,24,4,3,20,73,guard,175
2,8,25,4,3,8,27,bias-c,330
2,8,26,4,3,19,73,bias-d,344
2,8,27,4,3,7,27,bias-b,333
2,8,28,4,3,18,73,bias-c,352
2,8,29,4,3,6,27,bias-a,336
2,8,30,4,3,17,73,bias-b,348
2,8,31,4,3,5,26,guard,175
2,8,32,4,3,16,73,bias-a,345
2,8,33,4,3,4,26,bias-d,328
2,8,34,4,3,15,28,guard,175
2,8,35,4,3,46,-1,spare,0
2,8,36,4,3,14,28,bias-d,328
2,8,37,4,3,3,26,bias-c,331
2,8,38,4,3,13,28,bias-c,330
2,8,39,4,3,2,26,bias-b,328
2,8,40,4,3,12,28,bias-b,331
2,8,41,4,3,1,26,bias-a,333
2,8,42,4,3,11,28,bias-a,331
2,8,43,4,1,45,67,guard,175
2,8,44,4,3,10,27,guard,175
2,8,45,4,1,44,67,bias-d,334
2,8,46,4,3,9,27,bias-d,328
2,8,47,4,1,43,67,bias-c,338
2,9,0,4,3,44,72,bias-d,352
2,9,1,4,3,32,125,bias-b,318
2,9,2,4,3,43,72,bias-c,349
2,9,3,4,3,31,125,bias-a,318
2,9,4,4,3,42,72,bias-b,345
2,9,5,4,3,30,124,guard,175
2,9,6,4,3,41,72,bias-a,354
2,9,7,4,3,29,124,bias-d,348
2,9,8,4,3,40,126,guard,175
2,9,9,4,3,28,124,bias-c,346
2,9,10,4,3,39,126,bias-d,333
2,9,11,4,3,27,124,bias-b,346
2,9,12,4,3,38,126,bias-c,326
2,9,13,4,3,26,124,bias-a,341
2,9,14,4,3,37,126,bias-b,334
2,9,15,4,3,25,74,guard,175
2,9,16,4,3,36,126,bias-a,321
2,9,17,4,3,24,74,bias-d,351
2,9,18,4,3,35,125,guard,175
2,9,19,4,3,23,74,bias-c,347
2,9,20,4,3,34,125,bias-d,323
2,9,21,4,3,22,74,bias-b,352
2,9,22,4,3,33,125,bias-c,323
2,9,23,4,3,21,74,bias-a,349
2,9,24,4,4,23,239,bias-c,327
2,9,25,4,4,11,307,bias-a,348
2,9,26,4,4,22,239,bias-b,328
2,9,27,4,4,10,238,guard,175
2,9,28,4,4,21,239,bias-a,319
2,9,29,4,4,9,238,bias-d,334
2,9,30,4,4,20,382,guard,175
2,9,31,4,4,8,238,bias-c,329
2,9,32,4,4,19,382,bias-d,338
2,9,33,4,4,7,238,bias-b,339
2,9,34,4,4,18,382,bias-c,337
2,9,35,4,4,6,238,bias-a,336
2,9,36,4,4,17,382,bias-b,329
2,9,37,4,4,5,383,guard,175
2,9,38,4,4,16,382,bias-a,332
2,9,39,4,4,4,383,bias-d,336
2,9,40,4,4,15,307,guard,175
2,9,41,4,4,3,383,bias-c,330
2,9,42,4,4,14,307,bias-d,342
2,9,43,4,4,2,383,bias-b,327
2,9,44,4,4,13,307,bias-c,325
2,9,45,4,4,1,383,bias-a,328
2,9,46,4,4,12,307,bias-b,344
2,9,47,4,3,45,72,guard,175
2,10,0,4,5,2,384,bias-b,336
2,10,1,4,4,35,308,guard,175
2,10,2,4,5,1,384,bias-a,337
2,10,3,4,4,34,308,bias-d,335
2,10,4,4,4,45,240,guard,175
2,10,5,4,4,33,308,bias-c,339
2,10,6,4,4,44,240,bias-d,340
2,10,7,4,4,32,308,bias-b,348
2,10,8,4,4,43,240,bias-c,337
2,10,9,4,4,31,308,bias-a,344
2,10,10,4,4,42,240,bias-b,331
2,10,11,4,4,30,176,guard,175
2,10,12,4,4,41,240,bias-a,335
2,10,13,4,4,29,176,bias-d,330
2,10,14,4,4,40,175,guard,175
2,10,15,4,4,28,176,bias-c,334
2,10,16,4,4,39,175,bias-d,339
2,10,17,4,4,27,176,bias-b,327
2,10,18,4,4,38,175,bias-c,335
2,10,19,4,4,26,176,bias-a,327
2,10,20,4,4,37,175,bias-b,333
2,10,21,4,4,25,239,guard,175
2,10,22,4,4,36,175,bias-a,332
2,10,23,4,4,24,239,bias-d,328
2,10,24,4,5,25,385,guard,175
2,10,25,4,5,14,386,bias-d,312
2,10,26,4,5,24,385,bias-d,328
2,10,27,4,5,13,386,bias-c,314
2,10,28,4,5,23,385,bias-c,332
2,10,29,4,5,12,386,bias-b,315
2,10,30,4,5,22,385,bias-b,330
2,10,31,4,5,11,386,bias-a,322
2,10,32,4,5,46,-1,spare,0
2,10,33,4,5,10,309,guard,175
2,10,34,4,5,21,385,bias-a,344
2,10,35,4,5,9,309,bias-d,352
2,10,36,4,5,20,310,guard,175
2,10,37,4,5,8,309,bias-c,346
2,10,38,4,5,19,310,bias-d,334
2,10,39,4,5,7,309,bias-b,349
2,10,40,4,5,18,310,bias-c,335
2,10,41,4,5,6,309,bias-a,350
2,10,42,4,5,17,310,bias-b,329
2,10,43,4,5,5,384,guard,175
2,10,44,4,5,16,310,bias-a,332
2,10,45,4,5,4,384,bias-d,331
2,10,46,4,5,15,386,guard,175
2,10,47,4,5,3,384,bias-c,335
2,11,0,4,7,4,391,bias-d,311
2,11,1,4,5,37,242,bias-b,321
2,11,2,4,7,3,391,bias-c,311
2,11,3,4,5,36,242,bias-a,323
2,11,4,4,7,2,391,bias-b,318
2,11,5,4,5,35,177,guard,175
2,11,6,4,7,1,391,bias-a,317
2,11,7,4,5,34,177,bias-d,336
2,11,8,4,5,45,178,guard,175
2,11,9,4,5,33,177,bias-c,341
2,11,10,4,5,44,178,bias-d,340
2,11,11,4,5,32,177,bias-b,337
2,11,12,4,5,43,178,bias-c,336
2,11,13,4,5,31,177,bias-a,323
2,11,14,4,5,42,178,bias-b,338
2,11,15,4,5,30,241,guard,175
2,11,16,4,5,41,178,bias-a,343
2,11,17,4,5,29,241,bias-d,312
2,11,18,4,5,40,242,guard,175
2,11,19,4,5,28,241,bias-c,311
2,11,20,4,5,39,242,bias-d,309
2,11,21,4,5,27,241,bias-b,307
2,11,22,4,5,38,242,bias-c,308
2,11,23,4,5,26,241,bias-a,305
2,11,24,4,7,28,182,bias-c,320
2,11,25,4,7,16,181,bias-a,317
2,11,26,4,7,27,182,bias-b,312
2,11,27,4,7,15,244,guard,175
2,11,28,4,7,26,182,bias-a,317
2,11,29,4,7,14,244,bias-d,337
2,11,30,4,7,25,315,guard,175
2,11,31,4,7,13,244,bias-c,340
2,11,32,4,7,24,315,bias-d,321
2,11,33,4,7,12,244,bias-b,321
2,11,34,4,7,23,315,bias-c,314
2,11,35,4,7,11,244,bias-a,332
2,11,36,4,7,22,315,bias-b,315
2,11,37,4,7,10,390,guard,175
2,11,38,4,7,21,315,bias-a,313
2,11,39,4,7,9,390,bias-d,325
2,11,40,4,7,20,181,guard,175
2,11,41,4,7,8,390,bias-c,330
2,11,42,4,7,19,181,bias-d,319
2,11,43,4,7,7,390,bias-b,328
2,11,44,4,7,18,181,bias-c,315
2,11,45,4,7,6,390,bias-a,333
2,11,46,4,7,17,181,bias-b,322
2,11,47,4,7,5,391,guard,175
2,12,0,4,8,7,247,bias-b,326
2,12,1,4,7,40,316,guard,175
2,12,2,4,8,6,247,bias-a,331
2,12,3,4,7,39,316,bias-d,332
2,12,4,4,8,5,317,guard,175
2,12,5,4,7,38,316,bias-c,332
2,12,6,4,8,4,317,bias-d,341
2,12,7,4,7,37,316,bias-b,328
2,12,8,4,8,3,317,bias-c,334
2,12,9,4,7,36,316,bias-a,329
2,12,10,4,8,2,317,bias-b,332
2,12,11,4,7,35,245,guard,175
2,12,12,4,8,1,317,bias-a,340
2,12,13,4,7,34,245,bias-d,330
2,12,14,4,7,45,392,guard,175
2,12,15,4,7,33,245,bias-c,334
2,12,16,4,7,44,392,bias-d,331
2,12,17,4,7,32,245,bias-b,332
2,12,18,4,7,43,392,bias-c,334
2,12,19,4,7,31,245,bias-a,335
2,12,20,4,7,42,392,bias-b,328
2,12,21,4,7,30,182,guard,175
2,12,22,4,7,41,392,bias-a,329
2,12,23,4,7,29,182,bias-d,320
2,12,24,4,8,30,183,guard,175
2,12,25,4,8,18,246,bias-c,323
2,12,26,4,8,29,183,bias-d,329
2,12,27,4,8,17,246,bias-b,316
2,12,28,4,8,28,183,bias-c,330
2,12,29,4,8,16,246,bias-a,321
2,12,30,4,8,27,183,bias-b,308
2,12,31,4,8,46,-1,spare,0
2,12,32,4,8,26,183,bias-a,312
2,12,33,4,8,15,393,guard,175
2,12,34,4,8,25,248,guard,175
2,12,35,4,8,14,393,bias-d,318
2,12,36,4,8,24,248,bias-d,326
2,12,37,4,8,13,393,bias-c,319
2,12,38,4,8,23,248,bias-c,317
2,12,39,4,8,12,393,bias-b,310
2,12,40,4,8,22,248,bias-b,321
2,12,41,4,8,11,393,bias-a,317
2,12,42,4,8,21,248,bias-a,313
2,12,43,4,8,10,247,guard,175
2,12,44,4,8,20,246,guard,175
2,12,45,4,8,9,247,bias-d,337
2,12,46,4,8,19,246,bias-d,328
2,12,47,4,8,8,247,bias-c,322
2,13,0,4,2,9,123,bias-d,332
2,13,1,4,8,42,318,bias-b,325
2,13,2,4,2,8,123,bias-c,332
2,13,3,4,8,41,318,bias-a,329
2,13,4,4,2,7,123,bias-b,333
2,13,5,4,8,40,394,guard,175
2,13,6,4,2,6,123,bias-a,329
2,13,7,4,8,39,394,bias-d,328
2,13,8,4,2,5,121,guard,175
2,13,9,4,8,38,394,bias-c,333
2,13,10,4,2,4,121,bias-d,313
2,13,11,4,8,37,394,bias-b,332
2,13,12,4,2,3,121,bias-c,316
2,13,13,4,8,36,394,bias-a,333
2,13,14,4,2,2,121,bias-b,322
2,13,15,4,8,35,184,guard,175
2,13,16,4,2,1,121,bias-a,319
2,13,17,4,8,34,184,bias-d,317
2,13,18,4,8,45,318,guard,175
2,13,19,4,8,33,184,bias-c,324
2,13,20,4,8,44,318,bias-d,342
2,13,21,4,8,32,184,bias-b,327
2,13,22,4,8,43,318,bias-c,330
2,13,23,4,8,31,184,bias-a,326
2,13,24,4,2,33,70,bias-c,327
2,13,25,4,2,21,179,bias-a,339
2,13,26,4,2,32,70,bias-b,330
2,13,27,4,2,20,122,guard,175
2,13,28,4,2,31,70,bias-a,345
2,13,29,4,2,19,122,bias-d,336
2,13,30,4,2,30,71,guard,175
2,13,31,4,2,18,122,bias-c,331
2,13,32,4,2,29,71,bias-d,321
2,13,33,4,2,17,122,bias-b,340
2,13,34,4,2,28,71,bias-c,321
2,13,35,4,2,16,122,bias-a,340
2,13,36,4,2,27,71,bias-b,323
2,13,37,4,2,15,180,guard,175
2,13,38,4,2,26,71,bias-a,324
2,13,39,4,2,14,180,bias-d,328
2,13,40,4,2,25,179,guard,175
2,13,41,4,2,13,180,bias-c,334
2,13,42,4,2,24,179,bias-d,322
2,13,43,4,2,12,180,bias-b,331
2,13,44,4,2,23,179,bias-c,338
2,13,45,4,2,11,180,bias-a,332
2,13,46,4,2,22,179,bias-b,341
2,13,47,4,2,10,123,guard,175
2,14,0,4,6,17,389,bias-b,325
2,14,1,4,6,5,312,guard,175
2,14,2,4,6,16,389,bias-a,325
2,14,3,4,6,4,312,bias-d,328
2,14,4,4,6,15,311,guard,175
2,14,5,4,6,3,312,bias-c,329
2,14,6,4,6,14,311,bias-d,320
2,14,7,4,6,2,312,bias-b,331
2,14,8,4,6,13,311,bias-c,323
2,14,9,4,6,1,312,bias-a,331
2,14,10,4,6,12,311,bias-b,316
2,14,11,4,2,40,25,guard,175
2,14,12,4,6,11,311,bias-a,326
2,14,13,4,2,39,25,bias-d,323
2,14,14,4,6,10,314,guard,175
2,14,15,4,2,38,25,bias-c,319
2,14,16,4,6,9,314,bias-d,310
2,14,17,4,2,37,25,bias-b,322
2,14,18,4,6,8,314,bias-c,304
2,14,19,4,2,36,25,bias-a,319
2,14,20,4,6,7,314,bias-b,310
2,14,21,4,2,35,70,guard,175
2,14,22,4,6,6,314,bias-a,314
2,14,23,4,2,34,70,bias-d,327
2,14,24,4,6,40,243,guard,175
2,14,25,4,6,29,388,bias-d,329
2,14,26,4,6,39,243,bias-d,331
2,14,27,4,6,28,388,bias-c,333
2,14,28,4,6,38,243,bias-c,341
2,14,29,4,6,27,388,bias-b,327
2,14,30,4,6,46,-1,spare,0
2,14,31,4,6,26,388,bias-a,328
2,14,32,4,6,37,243,bias-b,329
2,14,33,4,6,25,387,guard,175
2,14,34,4,6,36,243,bias-a,339
2,14,35,4,6,24,387,bias-d,327
2,14,36,4,6,35,313,guard,175
2,14,37,4,6,23,387,bias-c,328
2,14,38,4,6,34,313,bias-d,318
2,14,39,4,6,22,387,bias-b,316
2,14,40,4,6,33,313,bias-c,320
2,14,41,4,6,21,387,bias-a,319
2,14,42,4,6,32,313,bias-b,321
2,14,43,4,6,20,389,guard,175
2,14,44,4,6,31,313,bias-a,324
2,14,45,4,6,19,389,bias-d,319
2,14,46,4,6,30,388,guard,175
2,14,47,4,6,18,389,bias-c,326
3,0,0,5,1,24,129,bias-d,295
3,0,1,5,1,12,31,bias-b,325
3,0,2,5,1,23,129,bias-c,299
3,0,3,5,1,11,31,bias-a,334
3,0,4,5,1,22,129,bias-b,312
3,0,5,5,1,10,77,guard,175
3,0,6,5,1,21,129,bias-a,313
3,0,7,5,1,9,77,bias-d,328
3,0,8,5,1,20,128,guard,175
3,0,9,5,1,8,77,bias-c,334
3,0,10,5,1,19,128,bias-d,321
3,0,11,5,1,7,77,bias-b,330
3,0,12,5,1,18,128,bias-c,326
3,0,13,5,1,6,77,bias-a,329
3,0,14,5,1,17,128,bias-b,301
3,0,15,5,1,5,127,guard,175
3,0,16,5,1,16,128,bias-a,335
3,0,17,5,1,4,127,bias-d,314
3,0,18,5,1,15,31,guard,175
3,0,19,5,1,3,127,bias-c,316
3,0,20,5,1,14,31,bias-d,334
3,0,21,5,1,2,127,bias-b,319
3,0,22,5,1,13,31,bias-c,334
3,0,23,5,1,1,127,bias-a,318
3,0,24,5,1,45,75,guard,175
3,0,25,5,1,34,30,bias-d,348
3,0,26,5,1,44,75,bias-d,323
3,0,27,5,1,33,30,bias-c,351
3,0,28,5,1,43,75,bias-c,321
3,0,29,5,1,32,30,bias-b,350
3,0,30,5,1,42,75,bias-b,326
3,0,31,5,1,31,30,bias-a,354
3,0,32,5,1,41,75,bias-a,328
3,0,33,5,1,30,76,guard,175
3,0,34,5,1,40,29,guard,175
3,0,35,5,1,29,76,bias-d,310
3,0,36,5,1,39,29,bias-d,327
3,0,37,5,1,28,76,bias-c,310
3,0,38,5,1,38,29,bias-c,333
3,0,39,5,1,27,76,bias-b,313
3,0,40,5,1,37,29,bias-b,333
3,0,41,5,1,26,76,bias-a,313
3,0,42,5,1,36,29,bias-a,328
3,0,43,5,1,25,129,guard,175
3,0,44,5,1,35,30,guard,175
3,0,45,5,1,46,-1,spare,0
3,0,46,-1,-1,-1,-1,none,0
3,0,47,-1,-1,-1,-1,none,0
3,1,0,5,3,24,82,bias-d,356
3,1,1,5,3,12,35,bias-b,348
3,1,2,5,3,23,82,bias-c,349
3,1,3,5,3,11,35,bias-a,347
3,1,4,5,3,22,82,bias-b,350
3,1,5,5,3,10,34,guard,175
3,1,6,5,3,21,82,bias-a,355
3,1,7,5,3,9,34,bias-d,351
3,1,8,5,3,20,81,guard,175
3,1,9,5,3,8,34,bias-c,348
3,1,10,5,3,19,81,bias-d,331
3,1,11,5,3,7,34,bias-b,343
3,1,12,5,3,18,81,bias-c,331
3,1,13,5,3,6,34,bias-a,351
3,1,14,5,3,17,81,bias-b,330
3,1,15,5,3,5,33,guard,175
3,1,16,5,3,16,81,bias-a,333
3,1,17,5,3,4,33,bias-d,329
3,1,18,5,3,15,35,guard,175
3,1,19,5,3,3,33,bias-c,330
3,1,20,5,3,14,35,bias-d,347
3,1,21,5,3,2,33,bias-b,329
3,1,22,5,3,13,35,bias-c,348
3,1,23,5,3,1,33,bias-a,331
3,1,24,5,3,45,80,guard,175
3,1,25,5,3,35,134,guard,175
3,1,26,5,3,44,80,bias-d,335
3,1,27,5,3,34,134,bias-d,348
3,1,28,5,3,43,80,bias-c,339
3,1,29,5,3,33,134,bias-c,321
3,1,30,5,3,42,80,bias-b,341
3,1,31,5,3,32,134,bias-b,320
3,1,32,5,3,41,80,bias-a,330
3,1,33,5,3,31,134,bias-a,321
3,1,34,5,3,40,135,guard,175
3,1,35,5,3,30,133,guard,175
3,1,36,5,3,39,135,bias-d,333
3,1,37,5,3,29,133,bias-d,326
3,1,38,5,3,38,135,bias-c,335
3,1,39,5,3,28,133,bias-c,336
3,1,40,5,3,37,135,bias-b,336
3,1,41,5,3,27,133,bias-b,325
3,1,42,5,3,46,-1,spare,0
3,1,43,-1,-1,-1,-1,none,0
3,1,44,-1,-1,-1,-1,none,0
3,1,45,5,3,26,133,bias-a,333
3,1,46,5,3,36,135,bias-a,331
3,1,47,5,3,25,82,guard,175
3,2,0,5,4,24,250,bias-d,314
3,2,1,5,4,12,319,bias-b,343
3,2,2,5,4,23,250,bias-c,314
3,2,3,5,4,11,319,bias-a,335
3,2,4,5,4,22,250,bias-b,323
3,2,5,5,4,10,249,guard,175
3,2,6,5,4,21,250,bias-a,325
3,2,7,5,4,9,249,bias-d,326
3,2,8,5,4,20,395,guard,175
3,2,9,5,4,8,249,bias-c,327
3,2,10,5,4,19,395,bias-d,325
3,2,11,5,4,7,249,bias-b,324
3,2,12,5,4,18,395,bias-c,327
3,2,13,5,4,6,249,bias-a,326
3,2,14,5,4,17,395,bias-b,329
3,2,15,5,4,5,396,guard,175
3,2,16,5,4,16,395,bias-a,319
3,2,17,5,4,4,396,bias-d,321
3,2,18,5,4,15,319,guard,175
3,2,19,5,4,3,396,bias-c,323
3,2,20,5,4,14,319,bias-d,329
3,2,21,5,4,2,396,bias-b,319
3,2,22,5,4,13,319,bias-c,332
3,2,23,5,4,1,396,bias-a,322
3,2,24,5,4,45,251,guard,175
3,2,25,5,4,34,320,bias-d,327
3,2,26,5,4,44,251,bias-d,332
3,2,27,5,4,33,320,bias-c,330
3,2,28,5,4,43,251,bias-c,333
3,2,29,5,4,32,320,bias-b,329
3,2,30,5,4,42,251,bias-b,336
3,2,31,5,4,31,320,bias-a,327
3,2,32,5,4,41,251,bias-a,340
3,2,33,5,4,30,186,guard,175
3,2,34,5,4,40,185,guard,175
3,2,35,5,4,29,186,bias-d,334
3,2,36,5,4,39,185,bias-d,294
3,2,37,5,4,28,186,bias-c,336
3,2,38,5,4,38,185,bias-c,315
3,2,39,5,4,46,-1,spare,0
3,2,40,-1,-1,-1,-1,none,0
3,2,41,-1,-1,-1,-1,none,0
3,2,42,5,4,37,185,bias-b,330
3,2,43,5,4,27,186,bias-b,326
3,2,44,5,4,36,185,bias-a,335
3,2,45,5,4,26,186,bias-a,328
3,2,46,5,4,35,320,guard,175
3,2,47,5,4,25,250,guard,175
3,3,0,5,5,24,398,bias-d,334
3,3,1,5,5,12,399,bias-b,313
3,3,2,5,5,23,398,bias-c,335
3,3,3,5,5,11,399,bias-a,307
3,3,4,5,5,22,398,bias-b,334
3,3,5,5,5,10,321,guard,175
3,3,6,5,5,21,398,bias-a,338
3,3,7,5,5,9,321,bias-d,321
3,3,8,5,5,20,322,guard,175
3,3,9,5,5,8,321,bias-c,324
3,3,10,5,5,19,322,bias-d,334
3,3,11,5,5,7,321,bias-b,329
3,3,12,5,5,18,322,bias-c,330
3,3,13,5,5,6,321,bias-a,317
3,3,14,5,5,17,322,bias-b,329
3,3,15,5,5,5,397,guard,175
3,3,16,5,5,16,322,bias-a,328
3,3,17,5,5,4,397,bias-d,333
3,3,18,5,5,15,399,guard,175
3,3,19,5,5,3,397,bias-c,331
3,3,20,5,5,14,399,bias-d,313
3,3,21,5,5,2,397,bias-b,331
3,3,22,5,5,13,399,bias-c,312
3,3,23,5,5,1,397,bias-a,329
3,3,24,5,5,45,188,guard,175
3,3,25,5,5,35,187,guard,175
3,3,26,5,5,44,188,bias-d,310
3,3,27,5,5,34,187,bias-d,335
3,3,28,5,5,43,188,bias-c,315
3,3,29,5,5,33,187,bias-c,330
3,3,30,5,5,42,188,bias-b,320
3,3,31,5,5,32,187,bias-b,334
3,3,32,5,5,41,188,bias-a,323
3,3,33,5,5,31,187,bias-a,332
3,3,34,5,5,40,253,guard,175
3,3,35,5,5,30,252,guard,175
3,3,36,5,5,46,-1,spare,0
3,3,37,-1,-1,-1,-1,none,0
3,3,38,-1,-1,-1,-1,none,0
3,3,39,5,5,29,252,bias-d,323
3,3,40,5,5,39,253,bias-d,312
3,3,41,5,5,28,252,bias-c,323
3,3,42,5,5,38,253,bias-c,313
3,3,43,5,5,27,252,bias-b,324
3,3,44,5,5,37,253,bias-b,325
3,3,45,5,5,26,252,bias-a,334
3,3,46,5,5,36,253,bias-a,309
3,3,47,5,5,25,398,guard,175
3,4,0,5,7,24,327,bias-d,326
3,4,1,5,7,12,255,bias-b,335
3,4,2,5,7,23,327,bias-c,325
3,4,3,5,7,11,255,bias-a,341
3,4,4,5,7,22,327,bias-b,314
3,4,5,5,7,10,403,guard,175
3,4,6,5,7,21,327,bias-a,323
3,4,7,5,7,9,403,bias-d,323
3,4,8,5,7,20,191,guard,175
3,4,9,5,7,8,403,bias-c,311
3,4,10,5,7,19,191,bias-d,332
3,4,11,5,7,7,403,bias-b,316
3,4,12,5,7,18,191,bias-c,338
3,4,13,5,7,6,403,bias-a,316
3,4,14,5,7,17,191,bias-b,347
3,4,15,5,7,5,404,guard,175
3,4,16,5,7,16,191,bias-a,342
3,4,17,5,7,4,404,bias-d,325
3,4,18,5,7,15,255,guard,175
3,4,19,5,7,3,404,bias-c,342
3,4,20,5,7,14,255,bias-d,330
3,4,21,5,7,2,404,bias-b,338
3,4,22,5,7,13,255,bias-c,334
3,4,23,5,7,1,404,bias-a,348
3,4,24,5,7,45,405,guard,175
3,4,25,5,7,34,256,bias-d,338
3,4,26,5,7,44,405,bias-d,323
3,4,27,5,7,33,256,bias-c,344
3,4,28,5,7,43,405,bias-c,328
3,4,29,5,7,32,256,bias-b,337
3,4,30,5,7,42,405,bias-b,330
3,4,31,5,7,31,256,bias-a,338
3,4,32,5,7,41,405,bias-a,323
3,4,33,5,7,46,-1,spare,0
3,4,34,-1,-1,-1,-1,none,0
3,4,35,-1,-1,-1,-1,none,0
3,4,36,5,7,40,328,guard,175
3,4,37,5,7,30,192,guard,175
3,4,38,5,7,39,328,bias-d,329
3,4,39,5,7,29,192,bias-d,343
3,4,40,5,7,38,328,bias-c,342
3,4,41,5,7,28,192,bias-c,348
3,4,42,5,7,37,328,bias-b,322
3,4,43,5,7,27,192,bias-b,344
3,4,44,5,7,36,328,bias-a,341
3,4,45,5,7,26,192,bias-a,340
3,4,46,5,7,35,256,guard,175
3,4,47,5,7,25,327,guard,175
3,5,0,5,8,24,259,bias-d,333
3,5,1,5,8,12,406,bias-b,330
3,5,2,5,8,23,259,bias-c,332
3,5,3,5,8,11,406,bias-a,328
3,5,4,5,8,22,259,bias-b,335
3,5,5,5,8,10,258,guard,175
3,5,6,5,8,21,259,bias-a,328
3,5,7,5,8,9,258,bias-d,322
3,5,8,5,8,20,257,guard,175
3,5,9,5,8,8,258,bias-c,316
3,5,10,5,8,19,257,bias-d,334
3,5,11,5,8,7,258,bias-b,304
3,5,12,5,8,18,257,bias-c,344
3,5,13,5,8,6,258,bias-a,308
3,5,14,5,8,17,257,bias-b,329
3,5,15,5,8,5,329,guard,175
3,5,16,5,8,16,257,bias-a,337
3,5,17,5,8,4,329,bias-d,355
3,5,18,5,8,15,406,guard,175
3,5,19,5,8,3,329,bias-c,348
3,5,20,5,8,14,406,bias-d,328
3,5,21,5,8,2,329,bias-b,356
3,5,22,5,8,13,406,bias-c,332
3,5,23,5,8,1,329,bias-a,356
3,5,24,5,2,3,130,bias-c,331
3,5,25,5,8,36,407,bias-a,310
3,5,26,5,2,2,130,bias-b,329
3,5,27,5,8,35,194,guard,175
3,5,28,5,2,1,130,bias-a,329
3,5,29,5,8,34,194,bias-d,330
3,5,30,5,8,45,330,guard,175
3,5,31,5,8,33,194,bias-c,332
3,5,32,5,8,44,330,bias-d,323
3,5,33,5,8,32,194,bias-b,345
3,5,34,5,8,43,330,bias-c,321
3,5,35,5,8,31,194,bias-a,346
3,5,36,5,8,42,330,bias-b,315
3,5,37,5,8,30,193,guard,175
3,5,38,5,8,41,330,bias-a,325
3,5,39,5,8,29,193,bias-d,333
3,5,40,5,8,40,407,guard,175
3,5,41,5,8,28,193,bias-c,330
3,5,42,5,8,39,407,bias-d,316
3,5,43,5,8,27,193,bias-b,338
3,5,44,5,8,38,407,bias-c,322
3,5,45,5,8,26,193,bias-a,332
3,5,46,5,8,37,407,bias-b,320
3,5,47,5,8,25,259,guard,175
3,6,0,5,2,27,79,bias-b,326
3,6,1,5,2,15,190,guard,175
3,6,2,5,2,26,79,bias-a,319
3,6,3,5,2,14,190,bias-d,322
3,6,4,5,2,25,189,guard,175
3,6,5,5,2,13,190,bias-c,321
3,6,6,5,2,24,189,bias-d,332
3,6,7,5,2,12,190,bias-b,332
3,6,8,5,2,23,189,bias-c,338
3,6,9,5,2,11,190,bias-a,339
3,6,10,5,2,22,189,bias-b,341
3,6,11,5,2,10,132,guard,175
3,6,12,5,2,21,189,bias-a,335
3,6,13,5,2,9,132,bias-d,330
3,6,14,5,2,20,131,guard,175
3,6,15,5,2,8,132,bias-c,335
3,6,16,5,2,19,131,bias-d,330
3,6,17,5,2,7,132,bias-b,328
3,6,18,5,2,18,131,bias-c,330
3,6,19,5,2,6,132,bias-a,333
3,6,20,5,2,17,131,bias-b,334
3,6,21,5,2,5,130,guard,175
3,6,22,5,2,16,131,bias-a,331
3,6,23,5,2,4,130,bias-d,331
3,6,24,5,6,10,326,guard,175
3,6,25,5,2,39,32,bias-d,338
3,6,26,5,6,9,326,bias-d,348
3,6,27,5,2,38,32,bias-c,334
3,6,28,5,6,8,326,bias-c,350
3,6,29,5,2,37,32,bias-b,331
3,6,30,5,6,7,326,bias-b,340
3,6,31,5,2,36,32,bias-a,332
3,6,32,5,6,6,326,bias-a,335
3,6,33,5,2,35,78,guard,175
3,6,34,5,6,46,-1,spare,0
3,6,35,5,2,34,78,bias-d,326
3,6,36,5,6,5,324,guard,175
3,6,37,5,2,33,78,bias-c,321
3,6,38,5,6,4,324,bias-d,341
3,6,39,5,2,32,78,bias-b,328
3,6,40,5,6,3,324,bias-c,336
3,6,41,5,2,31,78,bias-a,327
3,6,42,5,6,2,324,bias-b,332
3,6,43,5,2,30,79,guard,175
3,6,44,5,6,1,324,bias-a,351
3,6,45,5,2,29,79,bias-d,305
3,6,46,5,2,40,32,guard,175
3,6,47,5,2,28,79,bias-c,313
3,7,0,5,6,34,325,bias-d,347
3,7,1,5,6,22,400,bias-b,331
3,7,2,5,6,33,325,bias-c,343
3,7,3,5,6,21,400,bias-a,332
3,7,4,5,6,32,325,bias-b,343
3,7,5,5,6,20,402,guard,175
3,7,6,5,6,31,325,bias-a,348
3,7,7,5,6,19,402,bias-d,318
3,7,8,5,6,30,401,guard,175
3,7,9,5,6,18,402,bias-c,313
3,7,10,5,6,29,401,bias-d,333
3,7,11,5,6,17,402,bias-b,323
3,7,12,5,6,28,401,bias-c,331
3,7,13,5,6,16,402,bias-a,324
3,7,14,5,6,27,401,bias-b,329
3,7,15,5,6,15,323,guard,175
3,7,16,5,6,26,401,bias-a,329
3,7,17,5,6,14,323,bias-d,315
3,7,18,5,6,25,400,guard,175
3,7,19,5,6,13,323,bias-c,313
3,7,20,5,6,24,400,bias-d,331
3,7,21,5,6,12,323,bias-b,323
3,7,22,5,6,23,400,bias-c,331
3,7,23,5,6,11,323,bias-a,322
3,7,24,6,1,18,137,bias-c,317
3,7,25,6,1,6,85,bias-a,317
3,7,26,6,1,17,137,bias-b,317
3,7,27,6,1,5,136,guard,175
3,7,28,6,1,16,137,bias-a,311
3,7,29,6,1,4,136,bias-d,324
3,7,30,6,1,15,38,guard,175
3,7,31,6,1,3,136,bias-c,324
3,7,32,6,1,14,38,bias-d,323
3,7,33,6,1,2,136,bias-b,322
3,7,34,6,1,13,38,bias-c,323
3,7,35,6,1,1,136,bias-a,320
3,7,36,6,1,12,38,bias-b,330
3,7,37,5,6,40,254,guard,175
3,7,38,6,1,11,38,bias-a,331
3,7,39,5,6,39,254,bias-d,345
3,7,40,6,1,10,85,guard,175
3,7,41,5,6,38,254,bias-c,344
3,7,42,6,1,9,85,bias-d,320
3,7,43,5,6,37,254,bias-b,346
3,7,44,6,1,8,85,bias-c,326
3,7,45,5,6,36,254,bias-a,346
3,7,46,6,1,7,85,bias-b,320
3,7,47,5,6,35,325,guard,175
3,8,0,6,1,42,83,bias-b,350
3,8,1,6,1,30,84,guard,175
3,8,2,6,1,41,83,bias-a,349
3,8,3,6,1,29,84,bias-d,330
3,8,4,6,1,40,36,guard,175
3,8,5,6,1,28,84,bias-c,332
3,8,6,6,1,39,36,bias-d,330
3,8,7,6,1,27,84,bias-b,342
3,8,8,6,1,38,36,bias-c,325
3,8,9,6,1,26,84,bias-a,341
3,8,10,6,1,37,36,bias-b,326
3,8,11,6,1,25,138,guard,175
3,8,12,6,1,36,36,bias-a,324
3,8,13,6,1,24,138,bias-d,330
3,8,14,6,1,35,37,guard,175
3,8,15,6,1,23,138,bias-c,338
3,8,16,6,1,34,37,bias-d,330
3,8,17,6,1,22,138,bias-b,338
3,8,18,6,1,33,37,bias-c,331
3,8,19,6,1,21,138,bias-a,321
3,8,20,6,1,32,37,bias-b,333
3,8,21,6,1,20,137,guard,175
3,8,22,6,1,31,37,bias-a,332
3,8,23,6,1,19,137,bias-d,316
3,8,24,6,3,20,89,guard,175
3,8,25,6,3,8,41,bias-c,353
3,8,26,6,3,19,89,bias-d,312
3,8,27,6,3,7,41,bias-b,356
3,8,28,6,3,18,89,bias-c,309
3,8,29,6,3,6,41,bias-a,353
3,8,30,6,3,17,89,bias-b,316
3,8,31,6,3,5,40,guard,175
3,8,32,6,3,16,89,bias-a,308
3,8,33,6,3,4,40,bias-d,346
3,8,34,6,3,15,42,guard,175
3,8,35,6,3,46,-1,spare,0
3,8,36,6,3,14,42,bias-d,306
3,8,37,6,3,3,40,bias-c,351
3,8,38,6,3,13,42,bias-c,309
3,8,39,6,3,2,40,bias-b,330
3,8,40,6,3,12,42,bias-b,312
3,8,41,6,3,1,40,bias-a,332
3,8,42,6,3,11,42,bias-a,310
3,8,43,6,1,45,83,guard,175
3,8,44,6,3,10,41,guard,175
3,8,45,6,1,44,83,bias-d,345
3,8,46,6,3,9,41,bias-d,360
3,8,47,6,1,43,83,bias-c,351
3,9,0,6,3,44,88,bias-d,324
3,9,1,6,3,32,143,bias-b,333
3,9,2,6,3,43,88,bias-c,325
3,9,3,6,3,31,143,bias-a,335
3,9,4,6,3,42,88,bias-b,330
3,9,5,6,3,30,142,guard,175
3,9,6,6,3,41,88,bias-a,332
3,9,7,6,3,29,142,bias-d,337
3,9,8,6,3,40,144,guard,175
3,9,9,6,3,28,142,bias-c,331
3,9,10,6,3,39,144,bias-d,316
3,9,11,6,3,27,142,bias-b,333
3,9,12,6,3,38,144,bias-c,318
3,9,13,6,3,26,142,bias-a,342
3,9,14,6,3,37,144,bias-b,311
3,9,15,6,3,25,90,guard,175
3,9,16,6,3,36,144,bias-a,320
3,9,17,6,3,24,90,bias-d,311
3,9,18,6,3,35,143,guard,175
3,9,19,6,3,23,90,bias-c,315
3,9,20,6,3,34,143,bias-d,330
3,9,21,6,3,22,90,bias-b,313
3,9,22,6,3,33,143,bias-c,336
3,9,23,6,3,21,90,bias-a,315
3,9,24,6,4,23,261,bias-c,346
3,9,25,6,4,11,331,bias-a,343
3,9,26,6,4,22,261,bias-b,349
3,9,27,6,4,10,260,guard,175
3,9,28,6,4,21,261,bias-a,344
3,9,29,6,4,9,260,bias-d,348
3,9,30,6,4,20,408,guard,175
3,9,31,6,4,8,260,bias-c,354
3,9,32,6,4,19,408,bias-d,327
3,9,33,6,4,7,260,bias-b,357
3,9,34,6,4,18,408,bias-c,324
3,9,35,6,4,6,260,bias-a,350
3,9,36,6,4,17,408,bias-b,327
3,9,37,6,4,5,409,guard,175
3,9,38,6,4,16,408,bias-a,326
3,9,39,6,4,4,409,bias-d,328
3,9,40,6,4,15,331,guard,175
3,9,41,6,4,3,409,bias-c,337
3,9,42,6,4,14,331,bias-d,335
3,9,43,6,4,2,409,bias-b,332
3,9,44,6,4,13,331,bias-c,333
3,9,45,6,4,1,409,bias-a,332
3,9,46,6,4,12,331,bias-b,330
3,9,47,6,3,45,88,guard,175
3,10,0,6,5,2,410,bias-b,330
3,10,1,6,4,35,332,guard,175
3,10,2,6,5,1,410,bias-a,331
3,10,3,6,4,34,332,bias-d,317
3,10,4,6,4,45,262,guard,175
3,10,5,6,4,33,332,bias-c,324
3,10,6,6,4,44,262,bias-d,318
3,10,7,6,4,32,332,bias-b,312
3,10,8,6,4,43,262,bias-c,318
3,10,9,6,4,31,332,bias-a,315
3,10,10,6,4,42,262,bias-b,313
3,10,11,6,4,30,196,guard,175
3,10,12,6,4,41,262,bias-a,312
3,10,13,6,4,29,196,bias-d,321
3,10,14,6,4,40,195,guard,175
3,10,15,6,4,28,196,bias-c,322
3,10,16,6,4,39,195,bias-d,324
3,10,17,6,4,27,196,bias-b,322
3,10,18,6,4,38,195,bias-c,322
3,10,19,6,4,26,196,bias-a,324
3,10,20,6,4,37,195,bias-b,321
3,10,21,6,4,25,261,guard,175
3,10,22,6,4,36,195,bias-a,321
3,10,23,6,4,24,261,bias-d,350
3,10,24,6,5,25,411,guard,175
3,10,25,6,5,14,412,bias-d,319
3,10,26,6,5,24,411,bias-d,350
3,10,27,6,5,13,412,bias-c,321
3,10,28,6,5,23,411,bias-c,345
3,10,29,6,5,12,412,bias-b,332
3,10,30,6,5,22,411,bias-b,342
3,10,31,6,5,11,412,bias-a,323
3,10,32,6,5,46,-1,spare,0
3,10,33,6,5,10,333,guard,175
3,10,34,6,5,21,411,bias-a,346
3,10,35,6,5,9,333,bias-d,338
3,10,36,6,5,20,334,guard,175
3,10,37,6,5,8,333,bias-c,332
3,10,38,6,5,19,334,bias-d,324
3,10,39,6,5,7,333,bias-b,326
3,10,40,6,5,18,334,bias-c,326
3,10,41,6,5,6,333,bias-a,329
3,10,42,6,5,17,334,bias-b,323
3,10,43,6,5,5,410,guard,175
3,10,44,6,5,16,334,bias-a,325
3,10,45,6,5,4,410,bias-d,329
3,10,46,6,5,15,412,guard,175
3,10,47,6,5,3,410,bias-c,329
3,11,0,6,7,4,417,bias-d,317
3,11,1,6,5,37,264,bias-b,312
3,11,2,6,7,3,417,bias-c,324
3,11,3,6,5,36,264,bias-a,320
3,11,4,6,7,2,417,bias-b,324
3,11,5,6,5,35,197,guard,175
3,11,6,6,7,1,417,bias-a,323
3,11,7,6,5,34,197,bias-d,318
3,11,8,6,5,45,198,guard,175
3,11,9,6,5,33,197,bias-c,321
3,11,10,6,5,44,198,bias-d,330
3,11,11,6,5,32,197,bias-b,311
3,11,12,6,5,43,198,bias-c,325
3,11,13,6,5,31,197,bias-a,319
3,11,14,6,5,42,198,bias-b,332
3,11,15,6,5,30,263,guard,175
3,11,16,6,5,41,198,bias-a,329
3,11,17,6,5,29,263,bias-d,338
3,11,18,6,5,40,264,guard,175
3,11,19,6,5,28,263,bias-c,337
3,11,20,6,5,39,264,bias-d,319
3,11,21,6,5,27,263,bias-b,343
3,11,22,6,5,38,264,bias-c,309
3,11,23,6,5,26,263,bias-a,336
3,11,24,6,7,28,202,bias-c,319
3,11,25,6,7,16,201,bias-a,324
3,11,26,6,7,27,202,bias-b,324
3,11,27,6,7,15,266,guard,175
3,11,28,6,7,26,202,bias-a,323
3,11,29,6,7,14,266,bias-d,306
3,11,30,6,7,25,339,guard,175
3,11,31,6,7,13,266,bias-c,308
3,11,32,6,7,24,339,bias-d,309
3,11,33,6,7,12,266,bias-b,310
3,11,34,6,7,23,339,bias-c,314
3,11,35,6,7,11,266,bias-a,323
3,11,36,6,7,22,339,bias-b,308
3,11,37,6,7,10,416,guard,175
3,11,38,6,7,21,339,bias-a,314
3,11,39,6,7,9,416,bias-d,331
3,11,40,6,7,20,201,guard,175
3,11,41,6,7,8,416,bias-c,334
3,11,42,6,7,19,201,bias-d,320
3,11,43,6,7,7,416,bias-b,335
3,11,44,6,7,18,201,bias-c,322
3,11,45,6,7,6,416,bias-a,329
3,11,46,6,7,17,201,bias-b,328
3,11,47,6,7,5,417,guard,175
3,12,0,6,8,7,269,bias-b,331
3,12,1,6,7,40,340,guard,175
3,12,2,6,8,6,269,bias-a,331
3,12,3,6,7,39,340,bias-d,344
3,12,4,6,8,5,341,guard,175
3,12,5,6,7,38,340,bias-c,352
3,12,6,6,8,4,341,bias-d,331
3,12,7,6,7,37,340,bias-b,346
3,12,8,6,8,3,341,bias-c,330
3,12,9,6,7,36,340,bias-a,350
3,12,10,6,8,2,341,bias-b,334
3,12,11,6,7,35,267,guard,175
3,12,12,6,8,1,341,bias-a,332
3,12,13,6,7,34,267,bias-d,354
3,12,14,6,7,45,418,guard,175
3,12,15,6,7,33,267,bias-c,348
3,12,16,6,7,44,418,bias-d,336
3,12,17,6,7,32,267,bias-b,353
3,12,18,6,7,43,418,bias-c,330
3,12,19,6,7,31,267,bias-a,353
3,12,20,6,7,42,418,bias-b,338
3,12,21,6,7,30,202,guard,175
3,12,22,6,7,41,418,bias-a,337
3,12,23,6,7,29,202,bias-d,318
3,12,24,6,8,30,203,guard,175
3,12,25,6,8,18,268,bias-c,330
3,12,26,6,8,29,203,bias-d,328
3,12,27,6,8,17,268,bias-b,334
3,12,28,6,8,28,203,bias-c,328
3,12,29,6,8,16,268,bias-a,330
3,12,30,6,8,27,203,bias-b,324
3,12,31,6,8,46,-1,spare,0
3,12,32,6,8,26,203,bias-a,323
3,12,33,6,8,15,419,guard,175
3,12,34,6,8,25,270,guard,175
3,12,35,6,8,14,419,bias-d,315
3,12,36,6,8,24,270,bias-d,333
3,12,37,6,8,13,419,bias-c,315
3,12,38,6,8,23,270,bias-c,330
3,12,39,6,8,12,419,bias-b,313
3,12,40,6,8,22,270,bias-b,337
3,12,41,6,8,11,419,bias-a,309
3,12,42,6,8,21,270,bias-a,332
3,12,43,6,8,10,269,guard,175
3,12,44,6,8,20,268,guard,175
3,12,45,6,8,9,269,bias-d,332
3,12,46,6,8,19,268,bias-d,331
3,12,47,6,8,8,269,bias-c,335
3,13,0,6,2,9,141,bias-d,301
3,13,1,6,8,42,342,bias-b,328
3,13,2,6,2,8,141,bias-c,307
3,13,3,6,8,41,342,bias-a,326
3,13,4,6,2,7,141,bias-b,305
3,13,5,6,8,40,420,guard,175
3,13,6,6,2,6,141,bias-a,309
3,13,7,6,8,39,420,bias-d,338
3,13,8,6,2,5,139,guard,175
3,13,9,6,8,38,420,bias-c,336
3,13,10,6,2,4,139,bias-d,319
3,13,11,6,8,37,420,bias-b,333
3,13,12,6,2,3,139,bias-c,327
3,13,13,6,8,36,420,bias-a,330
3,13,14,6,2,2,139,bias-b,321
3,13,15,6,8,35,204,guard,175
3,13,16,6,2,1,139,bias-a,327
3,13,17,6,8,34,204,bias-d,330
3,13,18,6,8,45,342,guard,175
3,13,19,6,8,33,204,bias-c,335
3,13,20,6,8,44,342,bias-d,322
3,13,21,6,8,32,204,bias-b,343
3,13,22,6,8,43,342,bias-c,324
3,13,23,6,8,31,204,bias-a,342
3,13,24,6,2,33,86,bias-c,354
3,13,25,6,2,21,199,bias-a,336
3,13,26,6,2,32,86,bias-b,352
3,13,27,6,2,20,140,guard,175
3,13,28,6,2,31,86,bias-a,353
3,13,29,6,2,19,140,bias-d,312
3,13,30,6,2,30,87,guard,175
3,13,31,6,2,18,140,bias-c,329
3,13,32,6,2,29,87,bias-d,325
3,13,33,6,2,17,140,bias-b,329
3,13,34,6,2,28,87,bias-c,332
3,13,35,6,2,16,140,bias-a,324
3,13,36,6,2,27,87,bias-b,330
3,13,37,6,2,15,200,guard,175
3,13,38,6,2,26,87,bias-a,335
3,13,39,6,2,14,200,bias-d,338
3,13,40,6,2,25,199,guard,175
3,13,41,6,2,13,200,bias-c,333
3,13,42,6,2,24,199,bias-d,334
3,13,43,6,2,12,200,bias-b,341
3,13,44,6,2,23,199,bias-c,333
3,13,45,6,2,11,200,bias-a,331
3,13,46,6,2,22,199,bias-b,337
3,13,47,6,2,10,141,guard,175
3,14,0,6,6,17,415,bias-b,328
3,14,1,6,6,5,336,guard,175
3,14,2,6,6,16,415,bias-a,329
3,14,3,6,6,4,336,bias-d,338
3,14,4,6,6,15,335,guard,175
3,14,5,6,6,3,336,bias-c,329
3,14,6,6,6,14,335,bias-d,303
3,14,7,6,6,2,336,bias-b,331
3,14,8,6,6,13,335,bias-c,300
3,14,9,6,6,1,336,bias-a,334
3,14,10,6,6,12,335,bias-b,315
3,14,11,6,2,40,39,guard,175
3,14,12,6,6,11,335,bias-a,306
3,14,13,6,2,39,39,bias-d,355
3,14,14,6,6,10,338,guard,175
3,14,15,6,2,38,39,bias-c,354
3,14,16,6,6,9,338,bias-d,354
3,14,17,6,2,37,39,bias-b,353
3,14,18,6,6,8,338,bias-c,353
3,14,19,6,2,36,39,bias-a,350
3,14,20,6,6,7,338,bias-b,346
3,14,21,6,2,35,86,guard,175
3,14,22,6,6,6,338,bias-a,346
3,14,23,6,2,34,86,bias-d,360
3,14,24,6,6,40,265,guard,175
3,14,25,6,6,29,414,bias-d,321
3,14,26,6,6,39,265,bias-d,331
3,14,27,6,6,28,414,bias-c,316
3,14,28,6,6,38,265,bias-c,330
3,14,29,6,6,27,414,bias-b,328
3,14,30,6,6,46,-1,spare,0
3,14,31,6,6,26,414,bias-a,324
3,14,32,6,6,37,265,bias-b,333
3,14,33,6,6,25,413,guard,175
3,14,34,6,6,36,265,bias-a,334
3,14,35,6,6,24,413,bias-d,341
3,14,36,6,6,35,337,guard,175
3,14,37,6,6,23,413,bias-c,337
3,14,38,6,6,34,337,bias-d,335
3,14,39,6,6,22,413,bias-b,337
3,14,40,6,6,33,337,bias-c,340
3,14,41,6,6,21,413,bias-a,337
3,14,42,6,6,32,337,bias-b,337
3,14,43,6,6,20,415,guard,175
3,14,44,6,6,31,337,bias-a,332
3,14,45,6,6,19,415,bias-d,339
3,14,46,6,6,30,414,guard,175
3,14,47,6,6,18,415,bias-c,340